0.001508347045898431,0.03712209674072279,9.591171850585937
0.00547673629760741,-0.009861118087768383,9.497797985839842
-0.007896376350402832,-0.043154736736297425,9.517550149536131
0.0031255554485320946,-0.058660746378898454,9.49375777053833
0.03820276081037519,0.009288801015138785,9.584774843025208
0.0146503397387266,0.06578051525622623,9.521337851381302
0.005170931980580081,-0.038609538361236276,9.462382973587513
0.013574987511746565,-0.014428816902320663,9.580522446277737
-0.031010930978508683,-0.037114056459466756,9.523866054684667
-0.020609595659666226,-0.024828853897581396,9.592301914061792
-0.01441795933972124,-0.03612276321804757,9.57349785400373
0.03381688211331186,0.004149389334648392,9.712448938598587
0.04587559247657013,0.05372175486540051,9.59635200515746
0.012977245165040964,0.005062703914104162,9.56014516681671
0.040665683239502405,-0.021467268784657413,9.587006482133864
0.026039977816711517,0.018587170413699047,9.60808702092409
-0.0027555659706268044,0.07169641009610067,9.512800685895083
0.03673248045558546,-0.004808842239158284,9.481796497157365
0.01787407214026354,-0.08139599516672304,9.5853758271702
0.020342075041901803,-0.05385585102556735,9.57176633228083
-0.004180041664329233,-0.011057790087934668,9.474990093812394
0.018419849080988003,0.03914605253905163,9.508256874039034
0.03484372923802043,0.015783988293454447,9.556077896488274
-0.0005546281152995769,-0.015195645199585469,9.496207102295896
-0.020178124924332734,0.027337681290435775,9.549474151062254
0.039559445697627746,-0.03385503689174639,9.605886543136657
0.036537325901945986,-0.006057586554479428,9.587667918743147
-0.018087741400490086,0.026030893461477914,9.55797414521313
0.09395157893210403,-0.07727736373179836,9.586463726732969
0.02858754426915881,-0.05282619316683618,9.493029652386367
0.02302044307412562,-0.07544382044747062,9.512766763682528
0.05035908769724234,-0.07032431979692612,9.510518436526102
0.014098118970209015,-0.033131419731946235,9.585373707031916
-0.03447145060412744,-0.06333752210827939,9.560991894775558
-0.04302254050747718,-0.03497602280001893,9.53334862677006
-0.037977708002845875,0.0008447719489211806,9.508481297317516
0.024335642457296327,-0.018930449285718784,9.577681817249301
0.032731375091863135,0.033586585249371234,9.501608082486152
-0.029813136573713914,0.06108105384408122,9.540050488639116
0.012011575353641831,0.01049383114900871,9.549661090177358
-0.04576699397897235,0.01221223543617809,9.50537680818887
-0.03148121639025093,0.016233138998204808,9.512262250142921
0.029551067850679437,0.03519487733988334,9.54271403055331
-0.005469095952369196,0.0040222870229592415,9.49645743830239
0.06119321539179052,0.03214216434607195,9.5100324076713
0.01680665089384606,0.010441713754975157,9.48110442760142
0.01648391724006306,0.012199206087669702,9.506194154996058
0.01281193133638294,-0.030457050711969164,9.605840451590812
0.008302632370228538,-0.023164602460707,9.612795513288328
0.0718187524529087,-0.02134149039789146,9.56066474135919
-0.0020847797822806657,0.0006621025592186761,9.615866795691359
-0.02774326782154675,-0.0010196041819725329,9.575797771920886
0.0017551350709804868,0.0021512716229640364,9.486771861193112
-0.012418079147293933,0.017309200535135665,9.48247189596234
-0.07342222254561256,-0.00044913217822767793,9.474214299674179
-0.031212418551442196,-0.02284522780774037,9.590662882779872
0.018844359839678505,0.011060075677459563,9.68082717089028
0.027767251947224306,0.055449426451103304,9.534577025876867
0.055137092405751376,0.02345113426170174,9.51956230456492
0.02965783010827376,-0.031235371158695523,9.465530389373653
0.0017401995924981283,-0.037724392533326094,9.523848460380522
0.009126001924491707,0.018114191966766245,9.463010625837317
0.014563754997724472,0.02129993062108622,9.5088533095355
-0.016398529146076722,0.0364615752456037,9.531087887930749
0.004591319739847994,0.058208498852904966,9.497142205136985
-0.0368481504117177,0.024140902362152154,9.524568809340884
-0.014886295537499736,-0.020289021662879804,9.614025417667252
-0.030943646760351516,-0.07090083006171591,9.557380914963687
-0.006227564644189448,-0.04045815227861243,9.600680629131546
-0.028778964037023944,-0.09030832267658657,9.514540390437183
-0.0020950914731231833,-0.059675235393267606,9.579196590529218
0.06203671651160202,-0.03765175361150035,9.552265010669412
0.006243618703095822,0.03968016663862895,9.50243648582165
-0.004113353258796356,0.01950881930858315,9.554622799433929
0.011253916201902456,0.010874679985837328,9.477886815581138
0.01868703605731153,-0.03437948472766163,9.523346264442159
-0.04050682631282056,-0.04928432839627074,9.509572009225774
0.005746850428630778,0.008041603020561342,9.534858865343551
0.10709283186985298,-0.03149645147874625,9.494493646999949
-0.011222772379216452,0.012488572249942464,9.610097929572254
-0.030027765970780697,-0.0016542892495259782,9.542033832979
0.026323127965312623,0.019949112807247534,9.596843858635374
0.04759345642980471,0.01816735834097217,9.585407247617827
0.020589316133818352,-0.0038258952170029236,9.561000279922034
-0.061579071235100126,0.0373627237665502,9.583628957919961
0.0004787891980608857,0.022520761080797834,9.632381757302257
0.04472367422822615,-0.024285359473452756,9.601474327265016
0.005506660622486226,0.03583916019267211,9.590156167265473
-0.007888895269183127,-0.00299924724431231,9.555004904853476
0.003127425718837021,-0.037847966535199035,9.53185187928954
0.0022902034756076863,-0.021421028926280096,9.465011480564572
0.023628712856206602,0.015007427888059003,9.692509950219268
0.02896334020135633,-0.011798482810699958,9.656010702886848
-0.0199812378256375,0.03896087935836031,9.57865114373929
-0.032217382332385955,0.030102904959219107,9.588041673874276
0.022184421384676935,0.0709840412422463,9.500606744152162
0.03937617480417703,-0.0013956319623875044,9.475156709231399
0.09036104553209894,0.0020572646778602936,9.425698570618398
0.03128121340939191,-0.0006708136523121285,9.449247060867489
-0.005036559562691077,-0.0013528332348552341,9.509003720783276
-0.010524700315477453,-0.005114640620725403,9.473664650898943
-0.008305433013439676,-0.02042030242813043,9.353499506230595
-0.0077506161879302305,-0.03502062535068482,9.485066832124055
-0.014794516962021612,0.036746646213598466,9.546689083519293
0.030131440217502393,-0.006363678229315092,9.659059813604433
0.0557281394733209,-0.03868907428144973,9.554274303987045
-0.013290038007646358,0.07533386137348536,9.549625741524105
-0.012588069926716274,-0.014673386890515248,9.52332448347673
0.0019526320544537342,0.016694338397000213,9.541888286396526
-0.015960007391659994,-0.0185593601639334,9.54293793463624
-0.04198598219459469,0.01931414756888005,9.564748161637576
0.012559666438656008,-0.010721802890494696,9.58815723083908
-0.03126476124678133,0.07155177175052098,9.421626978608206
0.0798834164998281,-0.015618909296256343,9.57033344753291
0.003522688719683597,0.012866655305330571,9.485405780096118
-0.008384888244883783,-0.026698885917319573,9.5144520981002
-0.03650089991766627,-0.029407666242513345,9.475026745228174
0.04984396191023185,-0.022902256343343044,9.422074777127357
-0.01116977990818425,-0.0176846013783161,9.552488884711526
-0.08388405520653826,-0.030745397597996868,9.613822831529443
-0.026645271736204876,0.016267638210364182,9.557330268429236
-0.03029208831979343,-0.015074732720358034,9.503702800261607
0.040622257338996944,-0.022910325453038588,9.605217612907198
0.02243781885135078,-0.0284605261264431,9.483352913968986
0.010709104248970498,-0.029848076294794225,9.495982369117247
-0.020953494323499588,-0.008647148895475758,9.570965782709
-0.07555607633966398,-0.010529522026114905,9.496337771360842
-0.024563277019486306,-0.07205225764275905,9.52436770089685
0.0025501327714955975,-0.0012416817812951064,9.47032304094687
0.02369369518017858,0.002095752223133393,9.571733555646873
0.011023073331177448,0.05679964807775613,9.611451394282811
0.004264115378692793,-0.026489545194916298,9.617789551451562
0.027713493322212252,-0.029355331061912526,9.540365435958593
-0.005928489584485992,-0.040845684999364716,9.495870289653709
-0.028704195272098082,-0.004213946091149638,9.473972595606785
0.008697508188811397,-0.0022386163445646113,9.518776406958334
-0.03941290578971122,-0.05561432126143399,9.591029502130208
0.0383420529715175,-0.011497407646901327,9.551631936079428
0.018276465269246547,-0.06511162406748691,9.559739057017904
-0.019061654068430574,-0.07851517817263332,9.637183189547445
0.014699445979962665,-0.02081392436493553,9.498526913109517
-0.0379124213419234,-0.002797308422776713,9.524914986334018
-0.036700178211457435,-0.016249666888408888,9.61770326440577
-0.022031907467903414,-0.03756926895598881,9.479291721863161
-0.00040832733084305087,-0.02135135453147754,9.563201818405243
0.015771475174125155,-0.03166208588628723,9.652414089855217
-0.0663748339652578,-0.06297018864686464,9.563386780520442
-0.07972880626963474,-0.042066794415134,9.544721255676986
-0.03638036697268211,-0.011701828425560702,9.489776639602841
0.02832628020507164,-0.06157142677191738,9.526318720447584
0.015772522077635083,-0.009395381534287804,9.456445585873615
-0.008913732395630284,0.014422537245822705,9.539533771956684
-0.033041808465118526,-0.001170798000555918,9.513618886104405
-0.04266512997272496,-0.0050691318121505735,9.546644492033913
0.015981181984357815,-0.006043715265049238,9.533353078574883
-0.04118328983105898,0.04399087373500736,9.580308460073407
-0.08061352521655382,-0.02610043629036912,9.520221255643353
-0.05455805916058378,0.03897669347867739,9.436964707221385
-0.051635495136825645,-0.012988771393514105,9.581350484666673
-0.025765736699245465,-0.018797532631093235,9.58871650910612
0.05971035769530582,-0.02384102543072239,9.536688477862466
0.02361854145019363,-0.03587580610133281,9.556003192463663
0.018186889879149952,-0.03888450126898542,9.589562291035838
0.04915069939849842,-0.0037236501585548136,9.57281294824724
-0.02211700300682072,-0.06675948718563465,9.507573470216107
0.0067530037648963655,-0.039422816559592115,9.541541835571605
0.03551832039923189,-0.02540604392261274,9.406381827301104
-0.025525097756637354,-0.03985836321453977,9.573704764686603
0.020266190038379713,-0.07220186295939653,9.615535499032978
-0.018564222876147285,-0.03719210801279821,9.561349737795354
0.04355422369990848,-0.06435269417849239,9.547803297485947
0.04830992787321929,-0.08191674819061905,9.461816730133206
-0.01873589339790613,-0.01448171188896322,9.41518097086338
-0.003175626303578102,-0.019170767754955513,9.457391568399439
0.04381007035281641,0.058665623063702654,9.464352915293219
-0.023452160268241224,-0.01165784148749218,9.473275856997132
-0.03667641543327126,-0.022056102644822127,9.54015003724733
-0.07230420163663812,-0.03902087789509212,9.524546859897768
-0.012976400873026726,-0.036079466727190874,9.57092430042366
-0.008918358152826994,-0.03175281144498117,9.611249080477009
-0.02945166241418333,-0.027079845134194373,9.671608510353627
-0.07049801338186613,-0.0223203010662633,9.528681058252468
-0.00893355131909936,-0.06781734742232741,9.550410035070929
-0.02586415821551705,-0.032504676638296565,9.484016229470857
-0.04805332239079333,0.012236515960054886,9.481782988031775
-0.05719191592484677,0.05574353652175214,9.520729005064583
0.0015755780256242243,-0.008797060632745417,9.544830719283723
-0.04837599331097676,0.007389512490739558,9.579586567760384
-0.02135955875254887,-0.013702961660029819,9.570319017428377
-0.09361410489809815,-0.07284561755123778,9.546454314903968
-0.04344299412003238,-0.001440021758414789,9.439931669546304
-0.009352401484109664,-0.02668425269302154,9.600048737699076
-0.018786265776300843,-0.04736052038761072,9.453330275245081
-0.04269254679075491,-0.005842654938211138,9.506433221887441
-0.04507781455413405,-0.02778491098797063,9.433517698782406
-0.05644803896568196,0.009825154882401998,9.533801800183882
0.019718059716587306,-0.013094051062114209,9.59837715292683
0.04235088687738899,-0.0691020874115245,9.506781916405535
-0.009451746176160592,-0.02564325665512709,9.473109199804508
-0.015219799459079203,-0.029143758926965226,9.568838792871048
-0.059757442662621355,-0.0551580019265654,9.43475388156737
-0.009839711129522536,0.006573184637987678,9.455102191094968
0.034961444165861534,0.0040494688279540895,9.582293553144835
0.0677095479311138,0.010601144855914435,9.542265343852614
0.06512266640172376,-0.020082658549204845,9.481980056666279
-0.018124011256014386,-0.03493621438095343,9.549508692145086
-0.010205260748573908,0.008037329034156299,9.530477826112442
0.08155698913414557,0.01878071488793373,9.51494620213358
0.06140192172201295,0.007101351390440602,9.493106783687692
0.006084920005698553,0.02572932545747355,9.548699071410203
0.03535129945943243,-0.0019354034378775784,9.587736260772473
0.024711381871694027,-0.04117330807382472,9.575947743171634
0.05078182239663444,-0.03661757427187402,9.50476586645697
0.039342920076697666,-0.028296035840917586,9.50851821221971
-0.0389341577982084,-0.019033046252709733,9.6351518858186
0.06360085740103383,0.044334843478326606,9.4764712722359
-0.0005479510550149697,0.00989858104780445,9.537357588566787
0.008553964262613432,-0.002301787050060482,9.491527025315524
0.003646838111551789,0.019787238357113907,9.533938921856226
0.03474177898589574,-0.07165567252742061,9.422437611323431
0.038924211714247356,-0.019099047953632355,9.513075265867966
0.07588284479867903,-0.03109900924182593,9.48545644464082
0.02047905824556819,-0.005368579641999313,9.568334301589891
-0.025693610804818908,0.0010640277579573414,9.538775530963878
0.03458927173727183,-0.05119735774556913,9.57448146819019
0.024520874941153875,-0.017575771748403878,9.61932097739911
0.0507341956639994,0.05188176708487181,9.673626484584151
-0.010947221469742361,0.022559219420143866,9.572281181692912
0.013136751639400326,0.008045977523493137,9.525397041028697
-0.04189439741729836,-0.03508666034324767,9.499310795901705
-0.026921764759598017,-0.07819154222204225,9.474832722168784
0.01991702328763955,-0.1033329726526784,9.572860975952352
-0.03301672452476981,-0.01624446551424369,9.597368039398244
-0.04625016147787215,-0.03756796861244751,9.528077452964794
0.0007197141471335083,-0.02853363442606096,9.46765917647362
-0.009085631888021306,-0.055005470801339336,9.499241539723874
-0.05463259827962251,0.003020014929059822,9.471224105634093
-0.01933240750447594,-0.04711705846255914,9.546819704387039
0.057727387503763834,0.0014008155235204992,9.465162134348713
0.10213145368746439,0.03866940145168105,9.505799884173115
-0.016054419415047972,0.004890918050908669,9.569828858982731
-0.05278349267114481,-0.014327610269987542,9.603792615136307
-0.022461433592590885,-0.019132242350211593,9.601509646703999
-0.07234175866670244,0.04071874196371677,9.468060712457248
-0.016577092620777178,-0.01614456176248865,9.495750621229547
0.03686840128328227,0.023509149659475606,9.635551290561292
0.01431674985695337,0.02623997253449793,9.58071889563837
0.026635349451543024,-0.0018077416686214836,9.606515124300216
0.05126281429159669,0.05223247211458304,9.591416366524273
-0.06468460416635866,0.0441947106189779,9.60559818953146
-0.021845408976159976,0.0026809428524985097,9.634282762714896
0.00322959978232718,0.006667710871816168,9.512167016362318
-0.008458160479222888,-0.07852685688897942,9.485229382264407
0.010167714396795823,-0.09982549882917832,9.417442831405946
-0.021088841786543255,-0.08001104188258742,9.569287410732345
-0.032494283322612394,-0.02477919278265845,9.499509480856913
-0.05689345864803591,-0.06484076786119182,9.535934535741573
-0.06658455496962616,-0.02098662427730955,9.61327554677719
0.04591435063747627,0.015116029050301641,9.557193447241172
-0.04088260264824811,-0.000997425049436184,9.464164267572013
0.009244208835008282,0.0021568164060981236,9.466046090086362
0.014593306725353616,-0.011419833190955806,9.552707805480573
0.026704488668643084,-0.011222693099984917,9.534868906936548
0.04050619162516857,-0.003990803096773431,9.51245266984937
0.00445228997172183,-0.052461065459251825,9.539170332989688
-0.004561185441639855,-0.025074303657293295,9.524301933833359
-0.04991018417779278,-0.007453705736100526,9.581636976378261
-0.032517013939956034,-0.03537027866791172,9.599562039504722
-0.09999477118518432,-0.04594072439109889,9.489121625598838
0.04833570405428985,-0.08449636072423944,9.583615806790334
0.013592273059470894,-0.06899615237588395,9.553369814734692
0.12701069997873488,-0.0471645878376232,9.588903946603596
0.0009392996284727645,0.004980235669988856,9.51518752229543
-0.012622038007920864,-0.02507918833592063,9.48239320625745
0.005535442524386958,-0.06850706923974174,9.506516349660066
0.02444002261840142,-0.07218143448522828,9.605921000256814
-0.03188597469207934,-0.0910565382477718,9.469163550845453
-0.04237617152946516,-0.052679684305595165,9.442156793473082
-0.0162683008169366,0.007192764043230236,9.514413758915145
-0.009741333138804462,-0.03889126620354777,9.510930185334255
-0.10507475845559955,-0.02527315633360165,9.585476644233955
-0.07862987992151707,-0.04341644380752137,9.474826369310442
-0.00019261048330895814,-0.008447938283423172,9.497442035442845
-0.04881804043821005,-0.006888416882867387,9.488730742015008
-0.02865267551482594,0.004275370937974694,9.497326826128752
-0.048750451715620556,0.01784022536388833,9.549754082020469
0.003685944077930778,0.057144463872710494,9.483852241208242
-0.004752771915087618,0.045422708558509765,9.593072368163387
0.032641876479235894,-0.029333780074727887,9.555733955077955
0.02762532861687928,-0.022883784801396682,9.49971241943355
0.04791900659269638,-0.003314773531892001,9.579080900268544
-0.0008771112668649605,-0.016379033165687708,9.588149113006589
-0.02025874571222408,0.05577225422078523,9.493450998954772
-0.061017179225907575,-0.008789881207987144,9.548785125226974
-0.010154645270344091,-0.08598255739916462,9.548253446834089
-0.0872215740373126,0.0527365831233535,9.188990278212428
0.058711608321726526,-0.07060094131632946,9.314652635471075
-0.05204849818812308,-0.008061457680156453,9.410711669609956
-0.06178201236441358,0.0937646729945118,9.524508990400536
0.1189410360934669,-0.1321699686532274,9.675062605266149
-0.06572156116706296,-0.0054972020632090765,9.730657521433724
-0.029287253206804795,-0.08875069010320448,9.76251276292679
0.0839690960000566,-0.09879015464250021,9.802798295712165
-0.049325428758774936,-0.04024787844333976,9.715904511672182
0.0071335023073765755,-0.014838401922846535,9.579259385974684
0.05716125997625819,-0.051581662675535725,9.54509810455031
-0.03807087531355263,-0.010489243000426762,9.547331691664922
0.04586016557102589,-0.0181726505328214,9.526342273502166
0.02733859839959239,-0.1673369045155294,9.384625424332572
-0.06348305315889098,0.12936316358059044,9.460526589237439
0.41659388258430063,-0.17713988336022332,9.34303238583475
0.40014362189119235,-0.08138312556417679,9.058676358177436
0.1590050923624465,0.01797341617975673,9.253343735540453
0.472215918964635,-0.456378494526838,9.700645156297222
0.9671097144823696,-0.9771923511097368,10.631287479259852
-0.07634014596436858,-0.43223094709139886,10.623330793154807
-0.825619749747928,0.7239393111397479,9.116585878220341
-0.5712094443949898,0.2731735627092535,9.591038339672272
0.1567840926366041,-0.33511761805071383,10.363268508257912
0.019156555263643182,-0.5446512530844556,10.606604285267602
0.11762786305907483,-0.38514781491906297,10.47350789504737
0.22843694977355772,-0.2662633005925586,10.142155690802857
0.529078210709991,0.3201097139753956,9.578083106050324
0.06554315240894303,0.3805117078517592,8.769082696678597
-0.2263144341878033,-0.2508222419213374,8.943919355810275
-0.38547009060261495,-0.11776022765562719,9.063045872888116
-0.9819108906926459,0.6696787988600191,8.730105950643903
-1.2531253753831224,0.5576865413287745,8.740244834828944
-1.3317029040264448,0.31780163002213513,9.188101064664266
-1.6709732078181347,0.4733085516095378,9.134865207572316
-2.093373217848088,0.670202591576701,8.877347673963392
-1.8075212489200299,0.8774434111388043,9.121820304721316
-1.9407624986313745,1.062131808168002,8.719660441170564
-2.2793335227291323,1.4853906688999106,8.748407364931312
-2.3029241364195876,0.9878665657235128,8.967480942795328
-2.2800913699203265,0.8455290274782415,9.377788283794535
-2.4036700679439487,1.0972488421356739,9.415721674220118
-2.3519647851744634,1.1027179559562816,9.310283342139012
-2.407273211796545,1.0430330920774493,9.341384598962488
-2.1984395640575345,1.0568422960296162,9.489220710287498
-1.9163877927477821,0.9202337998985175,8.879745289876562
-1.978753042059016,1.2775336473012897,8.62322866255703
-2.3965702332930743,1.295032559347295,8.767395050160742
-2.181398609470729,1.0875204404349683,9.151792988614403
-2.098875283593268,1.0571902256482928,9.20838814583524
-2.0495140322020275,1.049607671951624,9.200989120199043
-1.8935216197448428,1.029755521076285,9.156043733907183
-1.8365670041793745,1.0104272733965127,9.403381166631092
-1.8833804926219921,1.1276994961445383,9.23537216543707
-1.8196665124377245,1.1606088543217792,9.150274285255751
-1.6888163377041576,0.9318102295106205,9.261878007349093
-1.5735038367453753,0.8602453633468934,9.433431037481803
-1.853527725665836,1.1117018335735398,9.397310640229826
-1.8337511356400915,1.2320267909739513,9.147663274071128
-1.7821200557606087,1.0897255107928043,9.19658180972872
-1.8194905206540193,1.1223849380619706,9.312959215859914
-1.8467896493285436,1.1592802148011372,9.216357980234509
-1.6920058194366279,1.0499910518081945,9.14552073895511
-1.7287272142585708,1.0226687610599587,9.124220126145026
-2.1580899543214787,1.1918120103943841,9.183538417766725
-2.477317486261034,1.2951499650619749,9.151681058299104
-2.582263486677563,1.3856278985530914,9.068299366137277
-2.9712215382953673,1.0993953677657142,9.37785377219838
-2.1203571937779433,0.614837448691917,9.93288560491483
-1.541328253644681,0.0878807875269833,10.007000118269723
-1.5940926555742563,-0.20187568733456263,9.425781230739306
-2.2429442968281346,0.18896321519028522,9.158372224188732
-2.19686166270801,0.32617726821407533,8.91195484803937
-1.9806367622346195,0.23119389182158537,8.674376681980545
-1.9481283520576782,0.07816115807502537,8.216347564049824
-1.6526970502946927,-0.10734042746122398,8.730318220358159
-0.9324047766117591,-0.7247329197925519,9.106610756261414
-0.09512335247813511,-1.4034112064496027,9.452075064553634
-0.011498583602932232,-1.300141788856053,9.427110764429424
0.8605462988014153,-1.4072026265963373,9.38854796698626
0.21664492174625227,-1.5488895157189084,9.044916136033674
-1.1186863368241788,-1.1928592665640043,8.79739956623498
-0.01958945786327132,-1.024843049490122,9.299354914752104
1.4115841637324242,-1.5358995787177452,9.453574171803261
1.1373083308500982,-1.8216810205949636,9.549589825909798
-0.11639044914782692,-1.4729439897068464,9.426350337336824
0.09451501942691043,-1.4791335967309107,9.593062102156473
1.8064231370588757,-1.3154810839361455,10.00105289736529
1.3150267289668673,-1.091411528735501,9.338103165747572
0.7360822106840996,-0.2704467095154181,9.650008964044314
0.6128938960548139,-0.24117932673188175,9.462229029341156
3.886095108413117,-3.1356348931453724,9.989892444102868
1.8852229566687089,-1.9917714898268704,9.992521408144857
0.7457530754708881,-1.3825884148761511,10.065004698960042
0.16639880097221418,-1.0938231515095649,9.939473422054462
0.19753405436903007,-1.0683187680409651,9.775212410689395
0.6183176540951872,-1.0080731348202998,9.863434047496568
1.0000438457747733,-0.587194545118649,10.083011093661252
0.14018893129232618,0.16086824805871677,9.77518380368875
-0.16096605709391065,0.08931016705618323,9.525844461664374
0.14801456226460824,-0.2948922071983564,9.531744373472733
0.5125639163229879,-0.22933418870144442,9.669688846053731
0.4277274328160985,-0.2739968264112008,9.470740302333745
0.3885617994882043,-0.19178862109254616,9.442550981345155
0.2782139214296682,0.019102462219539366,9.532468818334335
0.20753132203222174,0.07541653553779512,9.206591936028897
0.5058952913234851,0.4163035804786872,9.171809647825583
0.4404254865271603,0.2752732848291446,9.145157563323583
0.5317971100351103,0.16100705613160268,9.458120463828942
0.622874763226551,0.10011877654510783,9.687195893545127
0.8323919060165985,0.11721842906059349,9.712143028562062
0.7447103945949699,0.43393665883985555,9.49212775543153
0.7515204366614378,0.5095249137944367,9.508949986953585
0.7101273172952423,0.5787002123963632,9.426964285068475
0.552535635354084,0.36974198016207915,9.521389539284698
0.5598246472418413,0.1989894399257738,9.46957850054383
0.4826382454286243,0.40410117669286943,9.496130068251192
0.5315763922897733,0.4481965059041746,9.54945489255108
0.6120456763195136,0.4161247083241883,9.566377401116284
0.6716673247195267,0.23572423939794174,9.63884277557204
0.8266335339386707,0.13675458481286445,9.664141724166447
1.3142878975227534,0.08687305373495452,9.774614233531846
1.5654883780672117,0.23241998053578955,9.97820618289468
1.290706064121295,0.3047197371383421,9.975234632881872
1.502132079873097,-0.09379641257820731,10.093004727556405
1.5657624912817507,-0.4735470442456259,10.100899436283632
1.1040268629327423,-1.0569018408343556,9.711421142029891
1.0604190056501777,-1.1991492374913035,9.384208209091456
1.1572561160365678,-0.028033449936790578,10.347474000515051
0.6176309026663684,0.4263541090123846,9.855664740363137
0.9783243429761623,-0.5374397483206341,9.362808268831019
1.1115933329364234,-0.6598752304761544,9.408385367989004
1.2885626800358636,-0.42831901922792515,9.757362076860531
0.8982574154923644,0.010248097548975849,10.2611973429456
-0.19051838794819803,0.012150802036169875,9.410321882123117
-0.534538388613026,0.152687275277109,9.237107344310076
-0.9509432178807954,0.6367342048666406,9.161481987444706
-1.9959656776391441,0.9480849692464453,7.903576289097504
-2.2751778050299034,0.724253251161709,7.919499693612266
-2.8585370929811087,0.4635910796971657,8.354436843569083
-3.1264811996368786,0.2835038571435298,9.36099675361688
-3.0893194540840243,0.01941259960082399,9.616228033619064
-2.1067860428422946,0.20478095953155379,9.611801106305156
-1.3799181563404566,0.2834447719263456,9.122277235804804
-1.1299664374005438,0.5329540844000435,8.8311050511387
-1.0854350201167373,0.46245322037979614,9.038433599210457
-1.8751626211180512,0.43764539939426556,9.370387330466675
-2.24497704089963,0.5930520562084298,9.826871222265106
-2.265604596040337,0.6821819552752522,9.326879469384636
-2.378500559532545,0.6757340101200827,9.022316406652799
-2.2379333333645817,1.0476174828156652,9.068279925637809
-2.059139427213216,0.8856058741829202,9.000762150598906
-2.24069300756014,0.6583552425325466,9.04134354668293
-1.6755599793070268,0.3681079227547188,9.310062675000811
-1.889815668776952,0.34582432767354315,9.337738129687704
-1.8966926587713866,0.30434040400090545,9.6032307726563
-2.0276987959184325,0.16468253343430853,9.601369186083996
-1.870111298222772,0.1549071832242999,9.557808159558107
-1.8163492138379196,-0.10251913113484287,9.457135340670776
-1.810091297722175,0.0521937421796683,9.56125402559738
-1.9378137083416764,0.18424582525438987,9.181466515432549
-2.0056573358988956,0.32499792073010153,9.14398047773509
-1.9687487054346846,0.14111649269473253,9.296217580371273
-1.9487476403479287,0.1346504630784684,9.481520258129926
-1.5666606126016305,0.054025300889246126,9.488341600177012
-1.8985038520029467,0.1487906900294406,9.317664416157534
-2.031742896716557,0.21557766719730168,9.343229867467118
-1.831617996029725,0.12094403429200132,9.597421102120684
-2.015021432723252,0.14756386092895746,9.502951601213764
-2.0429157794454613,0.09316667525421216,9.612212418125708
-1.848776426672889,-0.16104988801017728,9.556927665078302
-1.7212329336945893,-0.01630848439268092,9.49282824195317
-1.6067471031746239,0.2389463184159901,8.948881920107432
-1.7792385849977574,0.29198611164745464,8.733886684860842
-1.836726665414478,0.08976791054125832,8.830972580639038
-1.606890116182721,-0.28041256136615017,9.454991570452728
-1.7864569432302504,-0.3047229320285491,9.589448502964743
-1.7918443225995548,-0.3323483396355551,9.612288828622045
-1.6782694877543807,-0.4829067911466816,9.521033742800043
-1.4990410744532436,-0.3876682118857913,9.236054889557433
-1.6984425404638968,-0.11605869524439691,8.8954624894792
-1.7518842094567944,0.16373053083977981,8.860592624322926
-1.8801663063925187,0.0038344779858239947,8.91292730036784
-2.063071535216294,-0.12951339997375869,9.220497773578288
-1.7353023834378623,-0.3100937715632638,9.541598961216838
-1.667725305454192,-0.35523886446064,9.621874258126475
-1.5754136836633528,-0.29829039037053096,9.473151865312868
-1.466144518450018,-0.33074020422105055,9.38928433473642
-1.5752967217755904,-0.18442665060360236,9.38627396454348
-1.731871662255421,-0.025743977531271563,9.245460574876105
-1.792563212316785,0.12166576544384242,9.400596259441683
-1.8364665197540009,0.057961731461058374,9.378328038249093
-1.7145641544746328,-0.022607721858856365,9.383534890421648
-1.5368451610551817,-0.21154130222985065,9.47821046821088
-1.4421371778370373,-0.028931337947599264,9.336679448107407
-1.6123905165051577,-0.06587880415242703,9.362348835415524
-1.705232086035469,-0.04638525078175897,9.512418281851929
-1.8397728556153123,0.10573153966051739,9.302135771634857
-1.8949558629516794,0.057569477505461486,9.389625941199728
-1.9087516147857713,0.2645984138709945,9.167289914255011
-1.5961659336036693,0.21939048072604952,8.637653978807894
-1.3851413211694719,0.4127927393831727,8.903879571362129
-1.4760372676702977,-0.17810853921426528,9.451670503192094
-1.4592569269029259,-0.42639032859018733,9.70713121832732
-1.810600788244286,-0.29093913897127716,9.709944254777142
-1.7080977215972042,-0.318128483900534,9.628047556614208
-1.4705851080116057,-1.0431863181797232,9.291538762932849
-0.49901612209567486,-1.7595548477944423,9.325924546690242
0.2789801954282297,-1.9422382826883564,9.338112295119824
-0.007755258882200397,-1.930448301568085,9.391437467090503
0.15040423691519206,-1.676109631971611,9.490960019848798
0.06424852370633707,-1.3647250927463204,8.962780074542279
0.7071005560974826,-1.4233484525689044,9.110856682453928
0.7852136069198783,-1.7468563066847063,9.173014951863482
0.6108115351528212,-1.809776757762485,9.27833708147173
1.1885063480216038,-1.2688549845456016,9.635067442975355
1.7243820226743463,-1.7225981496398184,9.55186751382001
1.6033684645308912,-1.4373993644973568,9.574163161413985
1.2750369683055742,-1.4451083229968977,9.278067664132793
1.1785888842883074,-1.4685833775631891,9.387200216814447
1.6285287919949285,-1.6037390308531996,9.432439867436035
1.5003965020758805,-1.4435976097030458,9.5658540647594
1.1128244830629155,-1.486162211690898,9.617164126541411
1.2709139551163147,-1.381881682500361,9.489930844867775
1.6264709422702897,-1.280394197907805,9.573044204136867
1.4352385948205022,-1.1903788819354473,9.295744437264684
1.1288567286611801,-1.142735935510717,9.190506470644296
1.3826610912229123,-1.1272338964143,9.695709747543887
1.9309380180449858,-1.2382800663276958,9.534706367550033
1.7268335131782386,-0.8602244274095605,9.462133800139462
1.3525901628404582,-0.6867018628948705,9.544547128013381
1.327264072570466,-0.826477648768151,9.683663442159595
1.4969063720244522,-0.9476128550020961,9.592746933537946
1.3992561497688085,-1.031766193914098,9.512556966538783
1.3856175016756005,-1.1030827635053797,9.503283382259696
1.3642513272011267,-1.0059902262157001,9.626660573348126
1.3660923885629772,-0.748282430028046,9.671870081081172
1.495839543551877,-0.9136988403561324,9.751407205328887
1.5534154497307426,-1.231583234686201,10.011908753236519
1.682731105962959,-1.5624455075851242,10.249416659744675
2.1855206462417165,-1.3865872965129802,10.3698457787057
1.7473835403446087,-0.9655359822703347,10.012092389500644
0.9159974633332224,-0.05941269838740776,10.120175679162271
0.49985539964678216,0.09170077028840208,9.716240202749551
0.41018509368610956,0.07560960010383894,9.913334440335825
0.35544579478383204,0.010534665223713768,9.686077707984348
0.13346542562466895,0.16664845103493248,9.535889660150383
0.2467615503758938,0.8987982781029715,9.365464456053221
-0.33902714426637803,1.2003487170477154,8.924223578612914
-0.8625610794015554,0.6867627183854641,8.767226426879791
-1.0365401930681621,0.2746533219913857,9.439055032012917
-0.7316786299320797,0.31168677001200673,9.56750785590362
-0.8709413885621213,0.4430494166851307,8.920864891222
-1.279252537204007,1.0289506618495055,8.92799536709261
-1.2304956197746344,1.7069387416952861,9.188351765357137
-1.0171934509641665,1.1007144237661068,8.973319270684987
-0.4754507700896744,0.5217933479459214,9.4367087056107
-0.14967606788862955,0.5458542960318906,9.261660562633143
-0.29089314673289957,1.2737213335904922,9.045516007357502
-0.7643363202525608,1.7358096872184239,8.675445249397969
-0.8575579962008355,1.258766864736735,8.992336043794804
-1.0963415646019667,0.9060714972510784,9.204436934532684
-1.5043937982549838,1.3134973990320078,9.555540263906607
-1.9942675256135503,1.2932495898092715,9.531985719052823
-1.847388270685614,1.033205160696947,9.393218890700705
-1.965094464033708,1.0041070783212094,9.121501219257208
-1.8221384928394817,1.014789070178447,9.287006463261566
-1.9156863896893626,0.945633518338069,9.357113194184532
-2.140186303354958,0.849335975592818,9.514700674034414
-1.7366245630213566,0.44817482843189604,9.586419266408994
-1.4346211884848312,0.6890582782139312,9.665401056836624
-1.2441986651632,0.5840792261086587,9.247007600634937
-1.1714539169011515,0.5326953456507,9.160365749035687
-0.9808852103043894,0.41211030082917904,9.206940033450326
-1.1307646706180896,0.4106944595456738,9.523844316223908
-0.9994433186554988,0.39956659175409437,9.865235468704414
-0.9091521408211012,0.34291508745268395,9.77820073729329
-0.7249707343019549,0.4688130084964719,9.50145957763387
-0.7292036175354497,0.4859222787964814,9.353265632933859
-0.9816530126602294,0.4758343864105463,9.653799580840886
-0.9585741016757995,0.44458199339218746,9.797167815132095
-0.87738702163477,0.3038907029989259,9.85096638615607
-0.26452534073584094,0.1250657807912355,9.731537836773391
-0.2765098350618899,0.17732471747564105,9.622672044642567
-0.3297841935066834,0.26939810643189865,9.541586059256344
-0.4077462279421006,0.09130351421783806,9.647010150067992
-0.4882888788849391,0.5531535172873698,9.619496635417388
-0.6700331536811956,0.5716508508184246,9.813731196207861
-0.43893893063221295,0.2817883800019696,9.833559416483606
-0.2662436951824673,0.2560096946709027,9.694864371943169
-0.6396609751872183,0.42194754286938596,9.757155778044385
-0.7150587827372341,0.46343200491900677,9.726041697196642
-0.6800386972712226,0.4235248855681307,9.707489269514005
-0.5815011136488604,0.5607915078300211,9.613068600337485
-0.8118491945499104,0.30780396417674366,9.686428600279683
-0.8012014674607196,0.14759191102709618,9.931020657149999
-0.5830613862743595,0.0967649902689812,9.992168671367578
-0.6649958606066758,0.33904073688609304,9.6447341234083
-0.724983806582333,0.24877496895052728,9.550692881438012
-0.718432978134841,0.21543461949593273,9.426626101218877
-0.8065778332788273,0.18914301968111225,9.392018103673859
-0.9974052641058395,0.3298135218270165,9.548566018838386
-0.6105645204942334,0.15668560292989878,9.770859424631471
-0.7149672740444568,0.167273160559135,9.654050256548492
-1.3192676633597469,0.19146786490785028,9.818778299000403
-0.9424212946241162,-0.07542244826278338,10.043116736615335
-0.4352099160632556,-0.2606580087331762,9.610784207347193
-0.620850388073431,-0.19204521916327438,9.139979523516486
-0.534382313937303,-0.18566592924150205,9.058191377461153
-0.7138782348563959,-0.37441013874348084,8.962326988652396
-1.1142911616193723,-0.14506589937092867,9.412412820161146
-0.5966903649898041,-0.590512188160603,10.060038349083255
-0.31645546124256824,-0.8347519524966935,10.297362083608704
-0.7348138739776342,-0.5079512246354037,9.835954156156081
-1.2380380535774163,-0.10303381854898752,9.537445747290974
-1.0047138494539243,-0.3681173210312897,9.60647074468407
-1.1870000652687542,-0.15067529992334963,9.465709684462032
-1.27207594661504,-0.13581912203894275,9.70704971115457
-1.3543970592855958,-0.2542093622358098,9.674010853081612
-1.6694641416524536,-0.1473374276561203,9.421542569227434
-1.1700312113164337,-0.2678628461108073,9.433842850558811
-0.8332861318086004,-0.5350201650799478,9.142431116692437
-0.6341781822441424,-0.4904791176249672,8.872056546262952
-1.094366148466309,-0.4326569233881753,8.732636853850895
-1.1339957877269287,-0.5941751968504617,8.906077475181473
-0.9858858879717711,-0.7494764449035333,9.021263680318805
-0.729788961128685,-0.7918930594070355,9.147025398839466
-0.7663211991444758,-0.687575533345411,8.894752931741115
-1.0268454329648298,-0.5429831696522704,8.817319605005592
-1.1063417013808559,-0.4781046588071104,9.045761145147882
-0.950241946463378,-0.42597200619347664,9.185471487458845
-1.051277804853149,-0.5601822451396776,9.263494702919399
-1.0837193744310605,-0.45726531024732164,9.642130755807974
-1.0630993469036634,-0.7008837632918107,10.056415690660979
-1.0399878275706422,-0.8048840064357455,10.08816087456954
-1.5657227162920744,-0.25986697127446357,9.370654067519338
-2.2071213920857136,-0.15593443489625247,9.054807871127881
-2.2705058937977958,-0.04376004103607471,9.054854976815173
-2.160656432067613,-0.5831422360280615,9.521736076967464
-2.276846166244442,-0.4594140054791832,9.117717490921553
-2.5070065392417744,-0.40334283041032304,8.99516502946867
-2.237738105879779,-0.7987335205298267,9.18000506351951
-3.043107502666233,-0.4199379618585308,8.946093477793939
-1.8689809981030816,-0.8459779332746911,9.43349355987817
-2.80367482362245,-0.46047948496662183,9.239308961258605
-3.19177428708237,-0.1809484458876514,9.582214783039259
-3.4073121351250846,-0.31576992806126813,9.168750192341847
-3.525840041959982,-0.37461441603631296,8.749349425526868
-3.731445840690191,-0.4180559579519492,8.260229867368045
-4.17429926180829,-0.38941201603828013,7.606437209273652
-4.698012403464768,-0.2745119558528316,7.604597656810601
-5.356862154943341,-0.2278304283552976,7.528720416399915
-5.812470094521968,-0.20538613901021097,7.696498835789431
-5.682163510080688,-0.22491418410557995,7.918008565148529
-5.793238963579743,-0.45245694977395345,7.732768730642601
-5.842555641895912,-0.30463839924768743,7.7080065869575245
-6.027267331006205,-0.4867532135204178,7.313955382090943
-5.9190192462037,-0.37785591000852226,6.949686196596954
-5.85604420010073,-0.25366641689422026,6.916079740067207
-5.833117833594518,-0.2908537909300979,7.001051990680864
-5.874073174341013,-0.30733323941953605,6.964834213490528
-6.089016251470996,-0.3473661264442393,6.988101491605054
-6.369004077638257,-0.3789221631418214,6.889770538916888
-6.338444564453509,-0.31498512251152944,7.005248597863987
-5.881891874878026,-0.1445748552738783,7.350152731741387
-5.807258029876733,-0.41800690760509057,7.396874437818159
-5.763460451194769,-0.4755910132171904,7.336728814532664
-5.8710240387020125,-0.3966131748741217,7.4078836684769165
-6.145714807404996,-0.4020078327199952,7.36102893713876
-6.192839684639335,-0.3423043548474791,7.338541346833518
-6.107655736711592,-0.39202193020356885,7.2682760044329875
-6.064811934788249,-0.4439556514351694,7.257892273813325
-5.914040187188273,-0.41743475435049143,7.187061593843956
-5.930216787641795,-0.4539001599621344,7.151397411400442
-5.952217450206348,-0.4271034864627014,7.0993857359067505
-6.083413203005689,-0.3449869657929213,6.9930089522872345
-6.144942561127399,-0.24185787835008565,7.059788621128448
-6.174690110618764,-0.25198863139172045,7.080074840828987
-6.336553005071684,-0.272477832103301,7.271894125246309
-6.326740493821632,-0.2632349223202587,7.208518569153374
-6.295556946087244,-0.29324591728660754,7.049022580520765
-6.079465514720054,-0.2899747585574916,7.278496270130191
-6.025442656878257,-0.22092222156075947,7.249673432766922
-6.072989084751791,-0.2898503470772015,7.228102513465168
-6.13156262409322,-0.17420418631764006,7.1616576413057444
-6.106701681536,-0.1812056710300935,7.184550750658467
-5.985564766209196,-0.21527776462031623,7.301604405193913
-5.9409153274165565,-0.20224797307646564,7.370372146220353
-5.936935572698866,-0.15230359281745612,7.394746686457431
-5.928758029038974,-0.2152348500476256,7.386475111555764
-6.038044020321267,-0.11245468217743361,7.2443464207112065
-6.054591610671137,-0.1729508999755106,7.090301265822332
-6.091050230670714,-0.20244016438596735,7.195442076709489
-5.963695391041702,-0.11643861574248779,7.1858142545289345
-6.100647898175465,-0.09852953107185228,7.176224694003327
-6.027146950251874,-0.11560007484559964,7.238470748696144
-6.094962973036601,-0.16296334067184898,7.2253018424474735
-6.219656053439815,-0.07424768740184884,7.222009615885305
-6.171820668755462,-0.14185133634020816,7.203230046793592
-6.088035772779686,-0.12283922367245426,7.227265574442539
-5.96653307905918,-0.17913833783950014,7.265596178766884
-6.076218202748193,-0.11779576408633977,7.235674502455392
-6.225743768338416,-0.08809491068711214,7.152776731082597
-6.281081672187143,-0.08066969733730525,7.142826195710102
-6.151264048539949,-0.19014377119711914,7.2157559141619
-6.072122710255105,-0.077451492542932,7.183710108911568
-6.0702938881350645,-0.04927842287938522,7.243933404913439
-5.990828027819899,-0.06378297040490477,7.2374414139725
-5.999691982662982,-0.0745917122667534,7.278914046120078
-6.120420953551488,-0.1275721325954968,7.3970212788640035
-6.190107523666192,-0.08335639783393267,7.221843845106625
-6.0387379491538535,-0.10103288406541663,7.228327721530563
-6.029625975447644,-0.109043308113522,7.168896548302562
-6.077626216884372,-0.12541112408648583,7.330012577017047
-6.157861024558008,0.017740324019882583,7.255369904508168
-6.159963214025245,-0.08294130858243157,7.326491798636807
-6.095845316567834,-0.08297259930136947,7.261672314893577
-6.01158109488903,-0.014745674666650825,7.134137066760503
-6.012062854410734,0.02026756894320069,7.242314051846375
-6.073235436625145,0.032612182335897945,7.096975778586593
-6.106485094629919,-0.04331031910108398,7.200702007390789
-6.035788854345956,0.10650027258068614,7.35232915175004
-5.924740929528872,-0.04638611148129319,7.325592493015635
-5.925709368246476,-0.0989729174577255,7.394325680626955
-5.951090595357518,-0.05106747661784922,7.27503948290088
-6.00053153201809,0.032734933396807366,7.345774403195923
-6.102674328439093,-0.05046223631632537,7.2198060336603085
-5.934279693071687,-0.1538614860199992,7.314009528434608
-5.81317237944468,-0.04324180381701139,7.427342964384042
-5.772121643567225,-0.05149990816860818,7.448493718390932
-5.930650176638877,-0.07152094670767925,7.381955357087967
-6.099569199555227,-0.04779578642057203,7.347364254311054
-6.05560769551869,-0.08496012623160773,7.3315338736363564
-5.721400095388461,-0.04756427881131978,7.43172405068448
-5.623482985394967,-0.031032711975779025,7.568101972143776
-5.667238455211047,-0.08076935762040947,7.587831242547662
-5.265177536288113,-0.18298608128742644,7.6179026775802745
-5.031784114418708,-0.3234619418916807,7.657742258750537
-5.138635673502138,-0.6099720813591505,7.951415050771618
-5.061200791056198,-0.8539821357572679,8.211580978269076
-3.946494810923229,-0.1859502438392192,8.542378844420785
-3.779148693087252,-0.3170203775491601,8.309043691818086
-3.5972513665091177,-0.604770387783286,8.46977935557171
-3.382985817823568,-0.8598643173437706,8.79367616823863
-3.1857673310428063,-0.6937944403588918,8.5550244497745
-2.7916976702851155,-0.69178129850525,8.876039584123312
-2.0000588744804584,-0.36806078892074595,9.232823659458562
-1.4322450190351534,-0.2045307042492293,9.37588921564589
-1.4088045373515619,-0.2749785602786158,9.354194764848973
-1.1623271500849608,-0.5296164886414311,9.118927792774745
-1.201264272994873,-0.4963108034958068,8.938006765088218
-0.38140767847821044,-0.8004276988597914,9.532028351428304
0.003121594662673935,-0.7363961255816469,9.65898593307192
1.3095228521568794,-0.6701099973988296,10.36229889415665
1.8623752234151962,-0.5565732981167971,9.579249369535257
2.0652317610539943,-0.37376311621621083,9.243426191260767
2.5540847992722875,-0.891895061707861,9.849000474817144
2.410541674549517,-0.64074998411593,9.59098556181952
2.7014644199801525,-0.4019898926964628,9.501342716138474
2.565899561904218,-0.2776564250173773,8.933054026202587
3.4154687599828906,-0.3794512502362778,9.006460003132677
3.7786957640924017,-0.41567386401170603,9.03199410234567
4.110119781965483,-0.5216946846918912,8.797760360303213
4.164245366511878,-0.41173039523303123,8.591958522692991
4.044898570509805,-0.4524740701827693,8.820629657528716
3.950418426685068,-0.3190078893108289,8.737736644118506
4.23565040488904,-0.3790152088389376,8.71342208827572
4.486523523951751,-0.386834433740496,8.596013072117756
4.419954914068992,-0.3456936100830731,8.595391238000143
4.478730113893224,-0.4108257564636393,8.534183637136753
4.59038908108561,-0.40196967562714014,8.544020854352548
4.726042897590738,-0.3351122105937966,8.63985402340259
4.695312906892801,-0.3040326343745232,8.527342821036195
4.716360829140192,-0.3214018577513455,8.513580230405532
4.8185879769383675,-0.16772685402523857,8.54605260765021
4.822596948946505,-0.1795863379569931,8.579309819393021
4.909790451714165,-0.22205553633250985,8.5014328625631
4.744841097913892,-0.11775115623888904,8.291624591373196
4.671282037051714,-0.1132228761568901,8.325363783341345
4.74267483409203,-0.24137769578482782,8.516955008335335
4.832349083156796,-0.014842621394937285,8.417609412484225
4.836811132971816,-0.09108704493613654,8.392773013521447
4.694274545816196,-0.13528726825307696,8.354242191368643
4.777153381205025,-0.060146064316687085,8.150679151357785
4.844560022425279,-0.05213467080329273,8.361953473142181
4.750081305533077,-0.0860448473272879,8.28548516393984
4.701322508878386,-0.05142676157547419,8.571628798309177
4.800463186911978,-0.11818959243244263,8.416912650016746
4.846796171361783,-0.18156723251973161,8.56857264492606
4.772188157708609,-0.12558559273686637,8.312000839454171
4.800223086668363,-0.12954669524232193,8.506431667383074
4.828779633849708,-0.04793701359329519,8.40779597226569
4.889788307998559,0.0011958267408364864,8.37236314101564
4.775753586887335,-0.02243398807797433,8.428148378027348
4.722105789177888,-0.03911534925338017,8.470825107202149
4.697919932279824,-0.07201610946910662,8.517407314398195
4.742151702918588,-0.029963064659756993,8.349487741685486
4.756800948068514,-0.13437148314491956,8.40806431823387
4.7712371668266975,-0.11019535290292898,8.372430227507685
4.7389331966139006,-0.03591657302797821,8.485625989494109
4.82063976631656,0.004200936882165732,8.399003250303215
4.805153383839881,-0.05759573544498578,8.388121472976195
4.693542713513681,-0.07663620601700802,8.568557455646392
4.748240003207521,-0.12808325603306045,8.477196956685034
4.797827350533325,-0.04397985130074545,8.328661244786494
4.7814937674429006,-0.12351046984422918,8.374127274087249
4.849236421474982,-0.1074800995777564,8.403450293863608
4.894902504904879,-0.05319427214785694,8.310224579081137
4.859632093389305,-0.032440210309913314,8.376700712641377
4.7969449531568955,-0.06316471975277116,8.447189283384954
4.8495079154132466,-0.05648063715254812,8.51508966093413
4.862648655977335,-0.047627011522023616,8.431508285594859
4.7689686738820285,-0.08132663001673623,8.39983903428934
4.849696450574998,-0.12207325705252377,8.485295586209052
4.895017512179883,0.014983488288138728,8.413285859442887
4.920712987542041,-0.1015870299665394,8.301909563005252
4.7655282443220335,-0.07326881968645894,8.399761076054048
4.737505965987735,-0.0697805696066732,8.352397904511559
4.805917748699082,-0.11200413696953926,8.272322364311483
4.81583808939645,-0.12974263379072454,8.30617301661498
4.865005106943839,-0.12340335052531771,8.260766142337339
4.737236064211546,-0.11463592472849726,8.360744800965193
4.845354600647612,-0.10167016080858904,8.421652490524501
4.829288604873817,-0.06251569492626821,8.400966388011984
4.742672148654977,-0.02399665853381302,8.28446448518659
4.73179194207097,-0.05746252931851172,8.409765016560318
4.754211007856609,-0.10174202191703013,8.336942377186954
4.792137496715128,-0.15949882743970661,8.458797514462754
4.8303495388516335,-0.09852067652545386,8.438983063918423
4.81476343195412,-0.09764134875782819,8.502264198596793
4.807275602739506,-0.07228239938428115,8.521675784756619
4.816177552906556,-0.09826438445300376,8.35773746425556
4.782490015545974,-0.058072948347137526,8.41012674887639
4.88180720591286,-0.040842484340202226,8.437589279992535
4.841993058680363,-0.10117831316268713,8.361854955496181
4.835630824362473,-0.06239273301479274,8.278277929547873
4.794535938390422,-0.07065285042899103,8.278931488002204
4.874044779153269,-0.1876395594700406,8.361694834891175
4.865191569422106,-0.1558340943963186,8.385976974103652
4.77678700722369,-0.18020445053999748,8.366908391475132
4.801372799047133,-0.15397531716380783,8.372915153288705
4.890119204278385,-0.08636589148577606,8.44265159105655
4.8045667308791655,-0.09101135000767434,8.513955237852027
4.837048149882877,-0.1352683445209614,8.477911612197381
4.787707664790055,-0.11401087073717381,8.450944193332548
4.861563803282475,-0.08714868734982066,8.490889270989387
4.8297496030422975,-0.09120704897368549,8.554745077757111
4.90080470776741,0.004743527856676397,8.628169869292794
4.893429366517047,-0.021547062799014353,8.517239177528275
4.794620363968129,0.007793314439406696,8.392541337350817
4.748370298389493,-0.20394104315528488,8.436784229601376
5.210859710705771,0.2315425061179172,8.59149705227339
4.63695198565984,-0.28088193737432915,8.526027485724597
4.920840050736249,-0.3048402760305939,8.315729759614744
4.503394928333476,-0.4688471702649726,8.812624609093138
4.2984771780062205,-0.402109819116536,8.918891809011566
4.4806824022896405,-0.5075297659973956,8.90236297910836
4.274842534044089,-0.4189630730301105,8.722256949611074
4.0366348374905145,-0.21725627527657043,8.472526200293393
4.005813333273996,-0.11296003848466982,8.740493342065536
4.026838377141741,-0.2951815237202884,8.767980800115993
4.4881900543684425,-0.4556585747166931,8.26129640852509
4.495788898968087,-0.17256061334470046,7.987381908527757
4.515645122569169,-0.46809897700560854,8.644346386555767
4.545748295901081,-0.5168444504891949,8.98815263057449
4.48863064440984,-0.4500221640749353,8.837078227223701
4.495899046478437,-0.45845570990301104,8.544327149579363
4.407933584739727,-0.5036597262428425,8.438817657756168
4.274611842107783,-0.5652389651910815,8.735657508921463
4.471124765824797,-0.5985902873793132,8.76318053933974
4.383783502125144,-0.4094064809634805,8.446844072823216
4.42659163102445,-0.5955451912247567,8.385716468645256
4.462432780680917,-0.7174972210849975,8.409938894993346
4.449845253153627,-0.6186983389016203,8.45909013146318
4.518524421076492,-0.6586420631799947,8.496517058012278
4.568015935469318,-0.6973584141714633,8.750082358985491
4.795866963481586,-0.7106288044095649,8.486665157617466
4.669673293482701,-0.7247203094397934,8.560871654394601
4.598620548590402,-0.7318344881875849,8.565058068627946
4.473118287660295,-0.7587521503061734,8.523009042303471
4.60694263697855,-0.7582989608553516,8.383209896073915
4.697859564151864,-0.8228291083168651,8.481138301655196
4.806780055710817,-0.5983443783365403,8.476889983128643
4.697540683971649,-0.7684752527262247,8.382454038750911
4.6271352111540445,-0.7894601563822397,8.473766732343977
4.559255608086362,-0.9096280619837434,8.697707845195367
4.599746547163192,-0.9396700383841192,8.541806276484389
4.484173694774196,-0.868171877699057,8.362770087187503
4.498376111559759,-0.9149407823520102,8.493984861884766
4.534248438168259,-0.9912764533394673,8.490875530656737
4.65454689701765,-0.9421256237718784,8.285393955906372
4.677438906749529,-0.8723770765362311,8.115510580041045
4.568240229494999,-0.8836703596491942,8.249013558096198
4.573262282593476,-0.9259980078200132,8.411676192258422
4.552969980926688,-0.994040759706468,8.520576598113433
4.813653289787336,-1.0254166576390191,8.357462667594763
4.839319789609919,-0.9075650449639537,8.158666875394784
4.730814734878066,-0.9714760065412812,8.2562113294444
4.872479688236117,-1.0520971917598319,8.503258197351334
4.9150785315561,-1.1943567727324382,8.417776512228459
4.925728242386095,-0.9713478886787148,8.022910631963365
4.781147267993985,-0.9120043651750496,7.945741976838498
4.770141141827597,-0.9582206266331177,8.29635396955142
4.760207005305531,-1.0236442293511503,8.599485117143715
4.822366915999234,-1.187243532130268,8.531615804432413
4.809176473750785,-1.062943443274266,8.327900746762399
4.9926265926808595,-0.9456771612946405,8.172824210128098
4.934341350196582,-0.9091779858192655,8.09814205106718
5.01673520681184,-0.961105334284406,8.345227895579294
4.9690989236512015,-0.9920436838518631,8.399816751726854
5.014650692704792,-1.0356912961460711,8.431420478214916
4.936256072712331,-0.9532293344735293,8.414182292405291
4.981300862538434,-1.0116224988405502,8.32368148618726
4.917144707700038,-0.9436208326569148,8.017343387904237
4.972931718795126,-0.8691595762672558,7.8904806284702
5.044339311412648,-0.9115964045038255,8.045512668103877
5.011912974703748,-0.8791099816801553,8.084270678012297
5.036128112938632,-0.9535883332496284,8.180151440255026
5.042181897497353,-0.9686166186517624,8.347773730425084
5.104747485971017,-0.9867388999632334,8.364540185535958
5.14193669803084,-1.0056346802520386,8.415418731686724
5.118912278633686,-1.0354977427558805,8.259347151183398
4.976686679155492,-0.9388157361650442,8.126955391311474
5.041686749012506,-0.990062586812257,8.233918248462635
5.097441093869337,-0.9059091322377321,8.188832912945736
5.0144145128472175,-0.8525490461819915,8.206291998988386
5.015205682533093,-0.9074437719825094,8.368674080069361
5.047725197366671,-0.8816631260400607,8.294347920652106
5.088176798487175,-0.850078847122808,8.071062138854433
5.051602766394255,-0.8709131973153699,8.17684930546556
5.046050560861259,-0.9910434645510102,8.382861221630062
5.141627676714338,-0.988754308947811,8.45950331810283
5.018278553577998,-0.8804429453399799,8.324237835140941
4.915615222989226,-0.9467389691841159,8.416117051558672
4.850445062949454,-0.9022608328111654,8.442678158153338
4.72641344823248,-0.8660021812862873,8.452909737292241
4.623579494748549,-0.9323548706999896,8.40159809472345
4.6732883586724885,-0.9812647654655245,8.464187536376176
4.621072129829255,-1.0653182889615957,8.49060880426006
4.450000763048133,-0.9785925951285823,8.400248953994701
4.2887199391751185,-1.021554616494548,8.629050165744768
4.384869227835772,-1.0933472641700235,8.707798283623692
4.4484108773935125,-1.050243283754908,8.878320017683265
4.069253015857167,-1.0969281284948793,8.892220031276285
3.855950568295346,-0.753060393146669,8.942381967047586
3.4901816397545007,-0.4731631248369601,8.671209554261896
3.1545308382833515,-0.004554231343517262,7.461382259170943
2.5678357892827517,0.557919500818906,7.072734175632579
2.05844047551893,0.7667726811739648,7.5358153432245505
2.053195931745943,1.7060376913506201,7.586942190298325
0.8739375790058217,2.059366926072518,8.11687146066052
1.2004183216313382,2.812090195446352,10.070144140799895
1.2820385072877174,3.0110449202605136,10.569236218305441
0.9289480947174371,3.696444142235538,9.634575003062688
0.8765885164772108,4.280793734106248,9.08128377762114
0.7701247571710604,4.010290043206737,9.018378323555675
0.7399175148542886,4.1150466400131105,8.546556543779543
0.6533570494899392,4.414174778472516,8.766183532917543
0.7610038227972895,4.898365296974086,8.71335120549501
0.28513316749131457,5.356995360681509,8.19376947251633
0.13743508374294583,5.597348463766569,8.33322172603924
0.5135103491828067,5.510193337438225,8.32139785704692
0.5141553007966783,5.524317580758482,8.268163654935558
0.5107252362099117,5.513483431627608,8.305133339270999
0.4919112076120482,5.442540147030438,8.177906265725952
0.44770337307000424,5.514586888137004,7.790560550806488
0.616216538946212,5.511050758472239,7.643445887213341
0.7337621827101857,5.38087983640761,7.937067050416616
0.4507052770007886,5.527902230403173,8.132576625885402
0.6600626448117206,5.514379594038781,8.04139322263346
0.5831150971160161,5.44276418763323,7.760023592523599
0.56387821019209,5.274025631441999,7.700455092466837
0.6380776432462646,5.249797504845363,7.509589145431161
0.5201580068809021,5.26528828813761,7.73122034543982
0.5840519625356552,5.337395731275125,7.959010664973236
0.44200814187903104,5.506257296649347,7.818436607893699
0.38135806928323435,5.526924873051497,7.783293093623815
0.3949259710561601,5.435126599915707,7.903794104704781
0.5491526510892353,5.376264006729414,8.023701919730883
0.5230658762732854,5.383096173374248,7.791513791700298
0.5488659049814073,5.370439005074519,7.7226928522219485
0.5229941897463284,5.413961645372634,7.816817994549627
0.5596218908203712,5.435616212917866,7.71106239048311
0.5077266737548974,5.369203804999486,7.803136471644215
0.5773528267639196,5.298731165666376,7.976989696524335
0.4834289878189096,5.38166947555966,7.736740106015849
0.5856436152408602,5.423951867974388,7.759277665664118
0.49268428991861346,5.463252885999945,7.861877222812514
0.5161313909610987,5.444347720584459,7.862387994667972
0.4573497213975012,5.468351849152463,7.812237452768556
0.4498369089870705,5.517448511177276,7.7063259525476075
0.544923873120791,5.46507923185926,7.636752447609558
0.6333390589784399,5.477126029461398,7.7737850784551235
0.5548863857162897,5.422676889018182,7.8044519336762805
0.409577630242549,5.4234298138683155,8.045553309346806
0.3732504413741138,5.445165860022255,7.832889664006624
0.45395120641286435,5.400321636697459,7.754584635239937
0.5136307250651302,5.346014950983447,7.7493735880092025
0.6326983769449934,5.318073069594006,7.97073158059605
0.7414739447001155,5.28953978430524,8.151766665900965
0.6932504843439742,5.196215203217424,8.146747202363912
0.6021859644697826,5.176475360435704,8.26041401616715
0.611741556913344,5.160766492269571,8.665917481092569
0.6356782699656406,4.984456755696788,8.986362799228221
0.6416624482287148,4.936788019063357,9.005421986428148
0.7473062650112803,4.741714407903046,9.232847537622662
0.37867394528114035,4.484650460679375,9.418990815069726
-0.1731708534013946,3.6123414135707224,8.862187816072119
-0.08487999618726272,3.4768641090689503,8.694256646400842
0.009018767920957745,3.205968818588038,8.505030451883414
-0.20812380789769022,2.5959583199424197,8.199150123957182
-0.3342355016570397,1.639003937468515,8.090358319563514
-0.3513982151359396,1.2668871497113672,8.526438389705332
-0.43469754829082086,1.9064836607798925,8.527719332533755
-0.4232006591674317,1.1146876286349146,8.897943724735
0.03576897937318112,0.3995910620049201,9.20956927468961
-0.15474932266158756,-0.13831332867601592,9.510136416572793
-0.349622300269889,-0.2656068213657812,10.15270399550062
0.04338966162686368,-0.6386039311104881,10.421084964939606
0.0913644172377706,-0.8324096782732273,10.473814997338415
-0.20908521050989332,-1.4051912786381309,10.788666914617806
0.4592019980317063,-2.737107802996935,10.932023338761873
1.00695186413195,-3.414851973149136,9.64626312839164
0.6016026546316202,-4.16248771661492,8.908231986931893
0.5254044696881786,-3.681414389297773,9.337836927397035
0.6284592081202868,-3.7802155093727827,8.96041232633168
1.0349009566931577,-3.593028942467707,8.345317314981358
0.7342855149301253,-4.418918805868391,7.530743903940651
0.522662159860461,-5.002478033193172,7.3773787860437565
0.8863474099602324,-5.198646074887647,7.181020196999221
1.3148511565672065,-5.132766405623767,6.542956941339648
1.163403313922075,-5.270722495387875,6.570188856916943
1.7001497516982922,-6.084524158209761,7.183926956660876
2.2581100549900026,-5.971939954774607,7.459465766264827
1.9199568996117584,-6.3496110853123024,6.784950853187301
2.0975836925543065,-6.903715586696727,6.433165697915966
2.4580250099305685,-6.934502637335802,6.215932519449694
2.928813403239478,-6.241895414399869,6.4561110290323445
2.9603192418010806,-5.548004747581901,6.282720994562773
3.2411346906992935,-6.433966315496548,6.5374515926348336
3.167686453314472,-6.583630657670523,6.38924739522902
3.3719851483627976,-6.154177419483548,6.003840004324832
4.166459437603394,-5.737962095776648,6.4102705052315985
4.163965070460418,-6.208516663287424,6.939243126796181
4.188480596106315,-5.783868629139726,7.215138381796701
4.776400480935758,-4.62545499096413,6.766964636953081
4.122519996820854,-4.784764392699528,7.075103592099598
4.361275754698378,-5.338147999236893,7.619007654616696
4.632851541091586,-5.271789658927875,7.86990534993347
4.564275993060981,-5.0792262518291365,7.9254471687821955
4.378340889012315,-4.9808071651911705,8.452888879597893
4.52219614498257,-4.460602649879335,8.731992709401426
3.222195432607947,-3.7020735852603606,8.58988181992848
1.8054392974830413,-3.110215440199367,7.936650069239933
1.2034503918756432,-3.019711743777869,8.22943754782756
1.0421792580030904,-3.0832770794381195,8.51811256688853
1.2999395812244052,-3.041707573509432,8.6872464888901
0.5096496693539528,-2.959489147222573,8.909095093902213
-0.4492789365433477,-2.6085347115492956,9.722322070594693
-1.2133412515918915,-2.8152829068301948,10.23448082892797
-1.982556531281762,-2.795143905845732,9.44314708101129
-2.5016688778155576,-2.4094310916347728,8.649157430653213
-2.656586081880647,-2.208855115865236,8.461433925534397
-2.8676979024281697,-2.1084328870595703,8.874189768004692
-3.0605366546841903,-1.774475315697998,8.916326586288282
-3.493015709203274,-1.7268989477599486,8.765252178798633
-4.3409437858213265,-1.6467701084609834,8.853179164084423
-5.09521248100123,-1.4615379840854605,7.840865793218371
-5.129353647716128,-0.908856301868533,6.675596617982326
-5.080428099551103,-0.8963814684725041,6.750592178177222
-5.143614064804768,-1.1338800269692002,7.103332199817743
-5.716062442104513,-1.0136895420816554,6.6025435968294355
-5.909452771292729,-0.8507637287210973,6.72514631790853
-5.6633135493905655,-0.9034061401270516,7.351953211557211
-5.418622316913071,-1.1535927073340089,7.548159262361958
-4.847484555180417,-1.34901754127442,7.266810945961582
-4.783708769532408,-1.2721781626013198,7.39399550382438
-4.106965164917281,-0.4880208875131228,8.722251842264688
-3.506822964935375,-0.5290075330965422,9.366759243525156
-3.1089875431137264,-1.401166792148647,9.010738535246524
-2.2302160472774553,-1.7018065641870639,8.900185543235459
-1.7627233014922155,-1.7518273897650274,8.710938683172145
-1.9151978018134834,-1.1933155002122526,8.997618099748115
-1.6983339500871597,-0.8238441684490591,9.640305049839373
-1.0731008912083133,-1.3635455737895108,10.120602708993045
-0.40323637038508614,-1.8540098716578268,10.226311913820528
-0.2393615426695137,-1.4522957825506868,9.65658300164849
-0.17325371830898,-1.4739715449418709,9.323811741623059
0.3783773088260753,-1.529668720402948,9.671575225444826
0.39058947845163605,-1.6477407864850142,10.063776808070191
0.41878163828966675,-1.6485283830836557,9.899662121939421
0.6125774077413619,-1.6092209548407381,9.765259585660637
0.7759480297917857,-1.5132028380143838,9.631102481864378
0.6336342583024386,-1.3383636042179512,9.231250351911406
0.6088297229008048,-1.2048712335129839,9.181565554286443
0.4625677919312559,-0.8051852868328356,9.413352924216142
0.04173294273379052,-0.7986376649088923,9.50003018662044
-0.419014716098779,-1.0591658412150158,8.929134591332845
-0.5234277233362182,-0.8190371736216249,9.012662749395712
0.38420767231535946,-1.110952650766246,9.888274781587208
0.2735340871462226,-1.3419488296227136,9.722908423180005
-0.2748731702300459,-1.0872545576864399,9.286523559652423
-0.6633661588905192,-0.693181160600809,8.890123144551776
0.11937970405178425,-1.1441320923352607,9.232753247075443
0.5018138992795476,-1.9212607859622328,9.889427868653627
1.0391526543853167,-1.7959170377381164,9.730379299927078
0.9256874713355868,-1.29052917197115,9.076504431915362
0.5345996240594827,-0.7978693515255022,8.607775003242512
0.566114551888894,-0.6998435138457308,9.014922809648517
0.7463758033774969,-1.2032585204902413,9.529709547626974
1.4773798918844132,-1.6451468912919935,10.067814716008305
1.362052807321689,-1.6406973043049318,9.739062986863404
0.6831952854485863,-0.9608287369038695,9.233101360729522
1.2173761930662481,-0.7226268477391509,9.713541075045661
1.8429298611327727,-1.1909978415124243,10.153276925255556
1.6114576092040915,-1.3260471024069147,9.792750261587326
1.3381113968078588,-1.205383410550459,9.246523179410502
1.4960269005935662,-1.1716261850961107,9.483461867850671
1.81203606828804,-0.7573696973360392,9.639661707197043
2.4405076412175175,-0.14384062178274012,10.106076663371526
2.651495071803403,-0.5363363314100403,9.701941541331163
2.732972349371749,-0.7673384509555372,9.306420956621853
2.444489654603679,-1.1806279273751146,9.38351463246601
2.817690489700724,-0.9463678623979777,10.28265716153447
2.587773474353892,-0.6471855793079904,9.828686623147288
2.799641907284762,-0.9171550475979935,9.388385461939166
3.4020782965233387,-0.43158683117440055,9.353727523932056
3.071452860141577,0.21772668899595074,8.921289345582624
1.5989624373254332,-0.8445790801313833,8.403771317108546
0.5413097534963973,-0.8982686754893886,8.85977411589823
0.8802354008985134,-0.017456754260530616,9.767452665937448
0.9506016027881049,-0.019914528347847363,9.1216857983203
1.3201407973034716,-0.49098959809037973,8.701670302119137
1.563360300522157,-0.7703669775865596,9.598639822844238
0.8448525359459689,-1.2101154789547452,9.388334601707154
0.30250404328825004,-0.5120095439940573,9.06281930716507
0.3428907421453047,-0.6571089818847446,9.064040440804938
0.3996743492326152,-0.7005664463378852,8.83091106234967
0.6939918452427241,-1.023874129101561,9.49088921578273
0.08522374610072007,-1.1118836547729485,10.564483284170292
-0.24653340319649966,-0.6418775950286861,10.236725587888275
-0.47671609262041403,-0.08623717628402688,9.569403857909569
-0.48757483260334566,-0.1735791284826277,9.334338678100439
-0.4436025852260318,-0.23132764143462162,9.243250660736047
-0.7450528400320938,-0.019512712787854478,9.091191766746512
-0.3679112899640782,-0.23231536490350646,9.23633347025108
-0.5896605215876992,-0.055672668557419445,9.49887095301199
-0.9144455162611825,-0.2988161936896477,9.600418348604558
-0.446172483923694,0.2581019533476078,9.489335702873795
-0.7349214072358061,-0.07672043860401588,9.134756514829776
0.7227862227760093,0.20229551492175005,9.247224657271897
1.5612650589899006,-0.0368025108569647,9.131689593273052
1.7708847680433735,-0.6568202057782058,9.989857542361232
0.8428641154727574,-1.059624501334688,10.36241683920359
0.23377219085549403,-0.6575432265909962,10.175435069175897
-0.27763103932225935,-0.3235882460398387,9.539716018270536
-0.5239948290444321,-0.4843080702379869,9.03242991399146
0.06443997425744663,-0.4023837416195552,9.077990907452943
1.3930871943700256,-0.6404764387618221,10.454076102107376
1.1398666934899673,-0.7754169653423109,11.343975379286611
-0.1552551858804379,-0.7157782322413393,10.248442184665402
-0.24919229634803913,0.3118787532799973,8.947446373803068
1.3972790839940448,0.22761926308806585,8.73352779828475
0.9362104239526128,-0.13102804354194825,8.29218748545986
-0.13075190096985462,0.24977075602125137,8.289591481960667
1.3550631330339036,-0.13267277528912058,9.905028601691338
1.7229255890446087,-0.5910052096303855,9.798922928010725
1.9908650250687692,-0.7486839480985142,9.380944538155024
1.9106064819752002,-0.37151254384835886,9.815145314226257
1.843854913828761,0.4194929903196486,10.045799792912032
1.7014714346339481,0.7321660535491504,9.740741861069804
1.9100841341711823,-0.08749130320206769,9.754259940365106
1.8042199994851782,-1.2692399197336224,9.552935218245572
1.7993017807550835,-2.3188505968157296,9.797090841914908
3.543445236326466,-1.3530278144261003,11.30183334890646
2.9918729154048584,-0.25325082366267726,10.510845666328176
1.7442673656920349,-0.7217061914503371,8.5677257354297
2.4199741630782823,-0.770585286082799,8.581136798847659
3.2030135882549224,-1.7991436644772425,9.248880525395508
0.41080977267408225,0.7808457082093027,8.81606894116333
0.07548037029254398,1.6413212007950015,8.682726927673645
-0.8163950406055749,1.3464751203281449,7.60432239964302
-0.42165986500979213,0.18819024816064964,8.11044260552599
0.17621497503173164,-0.6580328558675523,9.091702649672513
1.3025179623858625,-0.5284148953023371,9.412435013004064
0.49952035717361404,-0.5462886400243145,9.302279071854532
-0.17168967035015115,-0.23831375955441836,9.314244413959727
-0.023457558090467477,-0.743111042854913,9.593766041234073
-0.1515994445763278,-0.9088146910726147,9.897081109917892
-0.36679134319974604,-0.756310268654384,10.48287483070213
-0.251798100814585,-0.8223319352666232,10.198366962070063
-0.6109104591636072,-0.6951852523103079,10.145196507363218
-0.7689232960653157,0.02254019406353644,9.478286840463852
-0.4169745338551961,-0.32954121289768995,8.923698754793698
-0.16737873124211933,-0.5037528244036216,9.43507748410858
-0.45692742463181896,-0.40724493016096386,10.08006972503105
-0.6155058577448688,-0.023987707576861944,10.230543877790964
-0.633602651081725,0.30885256242463227,9.826432209682116
-0.44778781743351714,0.27714095023750585,9.527882655692013
-0.48034276380662144,0.11478704011064614,9.29163665513394
-0.33405549331981943,0.005963815264478083,9.293627297328408
-0.4411357753074939,-0.10743325071268893,9.577837854605539
-0.1913755540563657,-0.04959125744135569,9.839229525907243
-0.40187448800139614,0.08697352554444636,9.628047151984623
-0.3144384243685131,0.2934972408221469,9.59320807095514
-0.6481183549934953,0.7724931659794627,9.268463681557144
1.785964708004556,0.08060778447582286,9.057990694559207
1.8126944703360999,-0.35093734019696204,9.048468077692537
0.3900385198057047,-0.24334547195109585,9.211287338026649
-0.7341642007370504,-0.5791690564033011,9.463879000034007
-0.07070232594109856,-1.1299942762468211,10.367391698250689
0.6589976337246862,-1.73456990493817,10.625591595216967
1.2723789224692574,-1.989861584327804,8.91962944177299
0.9983592483175094,-0.3406332163334157,7.552217650970591
1.8133147423772287,-0.046839106512553,8.553511834617648
2.498288149583565,-2.131763375688197,9.935095664953238
1.0354888683285084,-2.7140465853160918,10.255352505105497
-0.7415928306473649,-1.9043309253207221,9.301121597956062
-1.5701326218464113,-0.9082241599800827,8.430494632887452
1.8571305504710143,-1.5175187638109384,10.468175855487488
2.97611142533748,-2.9627113112530274,10.173144403324997
0.7096231784779247,-1.2733757261897214,9.158465287842967
0.15018372174350458,-0.70738973031452,8.577986982361132
2.190244469132165,-1.047127765037126,9.855023192123486
3.475980993869955,-2.0227052912959023,10.382577788997668
2.906772107476278,-1.7099477868742685,10.446231690901762
2.5382178289930923,-0.6908371583274537,10.020414960078956
2.2341924124484684,-0.15593790695246879,9.544056620879115
2.3628903002556716,-0.801525734489582,9.590166950629936
2.499212544424269,-2.2665654953289383,9.648381465440686
2.687719112546497,-4.101668154044637,10.122621812893374
3.2699498256219757,-2.2512363175028582,11.842902810401078
2.2519254970549083,-1.5013241591486637,10.477321814660815
1.6095587459678287,-1.6550198561323806,8.530614352590984
1.7793668872976212,-1.5749307982005754,7.979294042249308
3.0284965593488193,0.2694731313214384,9.277984960757639
2.6297010842952124,-0.05951243414962072,8.575545178177691
1.0898899169478264,-0.5332107969529324,7.997709353626453
0.503824185657855,-0.9425308893627447,8.036406824490596
0.14542090591153406,-0.9335305352679322,8.261559341620696
0.38621991507651626,-0.9025500268223539,9.330594773149315
0.16629807312948064,0.010203327828103043,9.874383922779517
0.45249134921498735,-0.38649496681006396,9.518322769024957
0.3085615188223015,-1.0207736115145276,9.483177017939832
-0.014725137994619941,-1.089560710434784,9.391790622893161
-0.37566839643713157,-1.0923922752039106,9.602378685996726
-0.060087029651275096,-0.43589181068330174,9.525738812124182
-0.38341756686106093,-0.4190100966527589,9.355744139066202
-1.2148324216224917,-0.40401576067442,9.435349755469675
-1.0168689539163651,-0.7414409132521009,9.68150321645531
-0.6728912827906148,-1.0592318632617554,9.739450279211484
-1.208192195819724,-0.1187496935376067,9.68211099509584
-1.205547929448095,-0.12424641795227265,9.585176216791538
-1.2731216101696408,-0.12202929656570474,9.582490337156868
-0.9883456211703399,-0.18970976353351587,9.736244874328278
-0.6873082645455146,-0.382603702296953,9.853692163406288
-0.35347514609243336,-0.8043226459721873,10.059027807697275
-0.19459951418424115,-0.6547699050843552,9.794327099629397
-0.3128979157775056,-0.35880794056552223,9.365430371098755
-0.48971591827543115,-0.16271316476784528,9.394675683595
-0.7206681483920998,-0.15319379821100415,9.617465161133126
-0.7317192735482202,-0.3770660134565595,10.064614501953203
-0.3933083182649847,-0.38634713489490147,9.885506335449238
-0.20455780722737898,-0.07981540109433072,9.528285977172857
-0.46981349611836826,-0.0929650299000474,9.489259122467042
0.14262875231318134,-0.28659146908389843,9.81708484287262
0.24905238204802188,-0.9060151748271268,9.866719550561903
0.01708451018485703,-0.9603146315363713,10.001232512152194
0.314631488752269,-0.9846634031843855,10.174921549668907
-0.28973793726017494,-1.0625766459010766,9.97413523971215
-0.42287378131211406,-0.9814984868536869,10.23638197887335
0.2585114532315418,-1.9021501995332457,9.461578880948807
1.0214226727561275,-1.56129603175587,8.704043615500872
0.8063332962407896,-1.7849345039716824,8.82710311578928
0.5550393151490646,-2.261026513383057,9.06975483778521
-0.042888251168788555,-2.7391797647593386,9.435678479954115
-0.4976308544181737,-2.9915962697420806,9.096203091668215
-0.19113411387309814,-3.284543755362766,8.379265006315492
-0.10014471877589172,-3.813876043027703,8.22516960240895
-0.001980017706668249,-4.086269912063077,8.089680584195987
-0.12109094204873738,-4.373437831226218,8.32874731890056
-0.39507724247019216,-4.448821113507238,8.553713917127483
-0.33787823041735277,-5.153605709712258,8.552494726840465
-0.23738721763851786,-5.326210556273278,8.386990014717929
0.08940494473587832,-4.7911620669858,8.20196173707792
0.3578507148216648,-4.994982378745961,7.552365849308542
0.6512142142278772,-5.555902410299282,7.4007407848369
0.3151466051927114,-5.789506282933706,7.678869137859616
0.21676449297298253,-6.250133129998563,7.737627318644591
0.14907333503523781,-6.4263419840987615,7.802595098704116
-0.011501554058573359,-6.366246425407014,7.72187187648267
0.0058155635117238345,-6.322492115812202,7.353334729374573
-0.10118553429296746,-5.848275517173265,7.386896029755752
-0.09920538882226532,-6.218138506185404,7.15107778551511
0.012620024742675838,-6.565586730245081,7.08494061947448
0.051350285604614264,-6.4513358468068756,7.194101915122526
0.050258943349395735,-5.797886492646542,7.099287954366569
-0.06493557190190889,-5.850002303520521,6.903201944646329
-0.24816020779481318,-6.265257135145266,7.202536783769004
-0.272418551826633,-6.422940380404968,7.140900998920767
0.023186271345099554,-6.146326572579269,6.866918273411832
0.0647657547259233,-5.897607996111125,6.64399658495452
-0.007439331704261386,-5.9036630993085435,6.624179187742536
0.07865716890498933,-5.883629060166491,6.658729165832119
-0.02910559559113548,-5.688281518398556,6.552444980667014
-0.07400279916633858,-4.720071195456573,6.486369606983159
-0.23247050215974868,-4.22662744040467,6.642233283093445
-0.4516525524198199,-4.631187967706147,7.06187726608586
-0.384343780316869,-4.434249992842063,7.2098838917167765
-0.7769250711778501,-3.6021115562549486,7.544963654813959
-0.9325312337368453,-2.9990336731823892,8.558880940558957
-1.9231279342887035,-3.544976885519718,9.523438155061614
-1.2083080420438554,-3.7999756707817847,10.515159679146262
0.09088330797048144,-4.064838306550426,10.303403341417425
0.43004635543500314,-3.0752110333636806,9.42446468423131
0.1664807757483992,-1.7755525854283225,8.152478390296109
0.13650240572909197,-1.052003397028467,7.891942656656058
-0.2301224357991723,-1.1081420642839719,8.598938758646435
-0.4223351159078009,-1.5064460975529264,10.111652310511218
-0.9193010972142548,-1.8322741627549306,11.11112602928796
-1.1189599448357903,-1.8814094566433224,11.012638117429411
-0.4721619736357054,-1.135928454675967,9.878303669982353
0.17077205285572206,-0.40008892317826894,9.095529011978009
0.18785345986920393,0.12863599875865553,9.671965382877314
-0.24242378969578493,-0.47180847876492576,10.649256653336515
0.17792836397742093,-1.3258148862317587,11.482553079349753
0.8791726157746286,-1.5357251856082326,11.360477356751499
1.2376401057258837,-0.5790467606964915,9.774924447830454
1.4062656329988537,0.23832254645917805,8.52380622792441
1.2042134454811586,0.5360387379941891,8.573748224461571
1.2327090533868912,-0.046740569834948675,9.272172499230628
0.6113550195723088,-0.7347220728176237,10.10398692363578
0.36623394886280375,-1.3161259324500112,10.423270906934334
0.836466449740115,-0.4307730826608425,10.596465767505068
0.8247376853110053,-0.22020877768425345,9.63779108787236
1.0121445261861497,0.0335452380130188,9.383757208003246
0.8004224571080609,-0.14722482739860063,9.564457307371905
0.7187615199166636,-0.30374772094877106,9.990310396178913
0.2853464992418612,-0.6158174335941261,10.125504088302542
0.3637404735653481,-0.49990452728280876,9.893546127056105
0.652686653913798,-0.23390033634951063,9.278904750758166
0.7069666865497386,0.2312352877998295,9.161157431586025
0.7672236270817705,0.2936496564836489,9.110172786851585
0.5524445028397785,-0.22585082239031812,9.442191664730474
0.6854974512714681,-0.45987371432560675,9.679622391280274
0.6146129161625935,-0.47528380742661636,9.695884443034913
1.056578501135375,-0.2349277613659313,9.556297856364196
0.9623656554352109,0.21302191909455248,9.341836085184799
0.6479169423011855,0.40760929648506405,9.514472699274716
0.6052177889200229,0.018117237024098176,9.91676210182063
-0.38588257925925207,-0.5425337990813776,8.857343748111408
0.4688721931978822,0.20076385448990966,9.109636718277851
0.8693086158043534,-0.1377418956914873,9.463605462528445
0.8616786467489399,-0.10385535105910215,9.562871556061797
0.5150061154225865,0.3032508615150097,9.515862029640449
0.7479639042218575,0.21109708018588147,9.475379228113237
0.7882468389705035,0.01926741781258378,9.310832520651356
0.7264915228529774,-0.08255953513425626,9.197869793981198
0.48120933444859587,-0.11519887835143502,9.313281211923034
-0.34505864307242134,-0.5435411055131516,10.322559646242476
-0.583947359864785,0.161007700489388,9.368201618103587
0.08536486645470218,0.21144931483181978,9.567751014877459
0.0048930512084021174,0.05167719888617774,9.405751517147099
-0.018816205093407312,-0.03495276247327966,9.422712482558257
0.13686509289168722,-0.401375291875644,9.312031044223549
0.11473327505397649,0.2755578086839212,9.532160556466042
-0.17092127364373244,-0.3093824391254062,9.357349575151666
0.21735180793184028,0.10462568739882436,9.597359726551588
-0.08062319560004774,-0.23360248726894609,9.449066719967975
0.006491665577527117,0.18462281769692382,9.652610735167775
0.12882685059848334,-0.15614236485067123,9.55984463935835
0.051671572146691144,0.0567444462018831,9.529470510425524
-0.014304179839303797,-0.022912043173650185,9.615250842938412
0.07334965438099435,-0.028460955556595998,9.654652438517806
0.11321962538724076,-0.0011177637304574583,9.560355065195857
0.0010828334708336065,-0.019421083205563443,9.59424156170912
0.0915616176694662,-0.006040400623168063,9.573982765915561
0.03158135644373372,-0.0924777922334286,9.507865924633187
-0.04446585119668375,-0.045852392821540605,9.487745411822358
0.02630490914907123,-0.04496995043927174,9.66228040813137
0.04758890172574437,-0.03756673486323578,9.576627267560188
0.04572729488944389,0.0037883964233513395,9.501344445063875
0.0991314305338844,-0.06488147554015812,9.565123696715187
0.08375204452311952,-0.028179406177519867,9.624164139510828
0.033220265647381425,-0.054916913739204064,9.516819965541767
0.06727425330149378,-0.04005347568821886,9.551036064383489
0.04705733029314687,-0.036337616175472556,9.563181391584152
0.049185704521528886,-0.010269533865645341,9.490800371089396
-0.0005604367846568335,-0.06839595811240728,9.465522510985238
-0.02017957709167205,-0.07574495919362903,9.552576910705293
0.04315038514602729,-0.10631262938580946,9.5527926956939
0.037435060764045874,-0.042128497129167074,9.595942271823866
0.046780137139253636,-0.036856371535709614,9.552860128502841
0.03834249876235246,-0.028355735156876484,9.506176567770241
0.025459181697424033,-0.08369141590591822,9.50887088754803
-0.017265974961386203,0.010213738613852587,9.484405350060834
-0.02076465914561998,-0.02736211509018907,9.489062873159739
0.0286389046716028,-0.025982171045496348,9.54409679128798
0.008668073213799131,0.01386714235825494,9.518350943427464
0.03958839025169195,-0.008492251702916603,9.472410154069756
0.004222839628352676,-0.08231684753266262,9.399872814396344
0.04925098932603347,-0.010990434234239743,9.374555874497522
-0.004135418073765058,0.024797681541537834,9.472374411739615
-0.03184722988465222,0.0014229880733728642,9.453733416167326
0.007911749535672863,-0.004420685293668378,9.517307914588706
0.04658191431262915,-0.005881603635428689,9.472149396860067
-0.04430701421969427,-0.024203345672040626,9.4393119524865
0.011979408432381114,-0.057514201103068624,9.45624170882475
0.08351185393914995,-0.055068007490122486,9.55743931514564
0.03316021800138903,-0.011360829204073452,9.604286531667269
-0.04047983331703556,-0.12972092428099868,9.483120143659004
-0.04811593867593859,0.020254176461488742,9.671897998561235
0.011027177318320034,-0.006895493177108152,9.632901202521168
-0.013691371075693418,0.058143139217930115,9.727299775727948
