0.019286105631056028,-0.021863000369442376
0.015166854188408753,-0.01738726179112486
0.011232258670759351,-0.014107591267405547
0.0077499686577536114,-0.011205559648647946
0.0063637994080757996,-0.008189523877189199
0.006496515447443247,-0.006245488774130488
0.004369609701433318,-0.004867289382599791
0.0031774779353496586,-0.0035910585724798273
0.0018028680513830233,-0.0034933554495229432
0.0009877862617772596,-0.0032631914966372044
8.778662334732164e-05,-0.002932823915658872
0.00013382339921695765,-0.001623885786587185
0.0012371065738144694,-0.000350627309511162
0.0010530008030905941,-5.982890184216621e-06
0.0003584948215949445,0.0008050505345620165
0.0006820449897953307,0.001180151184847131
0.0020969475231982153,0.0008821537445035056
0.0015674673838997316,0.0014765658105101397
-0.0004463292224134122,0.0015425025279266194
-0.0015122951297963268,0.0016129220549118703
-0.0014050086947888264,0.0011932061784605628
-0.0002665927860848121,0.0013219714738297488
6.357266142968752e-05,0.001774930148593274
-0.0002923822288738407,0.001417603718130662
0.0003489132798934979,0.000702909508683035
-0.0004683643648161154,0.0013307274807174418
-0.0005226904331143919,0.001811934285833142
0.0001226214386890024,0.0010600098971120463
-0.0014719636527929,0.0027545313884185275
-0.002357170935914863,0.002764292230148705
-0.0034391162217885453,0.002656617838151318
-0.004211517863105997,0.0031710966787058285
-0.004015007487040575,0.0028062192392035883
-0.004559639356185717,0.0015618267037529397
-0.004400068968836799,0.0003396056534662701
-0.003491326186704817,-0.0004998262175864214
-0.0031729439938312154,9.029094485439327e-05
-0.0018442849720427658,0.0007033383063113993
-0.00015418860976016313,-0.0001008451337791475
5.8381351177765316e-05,0.00016394868188891195
0.0003551637185858161,-0.0008377853402927206
0.0005889902324968814,-0.0013096466371039337
0.0011881352494630096,-0.00045116046508733424
0.001060345473288521,-0.00043647713104917564
0.0015272633746770822,0.0009121532430008121
0.0014562901051060552,0.0010679692450515433
0.0014520423395235934,0.0011833875257788921
0.0005602792238619094,0.0012148925469998555
-6.147269670092863e-07,0.0011068204921928725
-0.0004571704302725531,0.0023964195880561007
-0.00029624699900396273,0.0018316160063486951
-0.00022167551803575837,0.000929954304988682
-0.00015617578122911478,0.0007633379699784267
0.0001489395947878062,0.0004208026843068957
0.00013870886548777983,-0.0011722767507490255
-0.0003472693774762883,-0.0015681414729198236
-4.74056641126139e-05,-0.0008467977844865281
0.0011103137707877556,-0.00011414472777218502
0.0013635131960063706,0.0010262497384296056
0.00047090845461932854,0.001403847746423617
-0.00041025348737133336,0.0011198109813466703
9.814914722066823e-05,0.0010696415445902675
0.0005468311009464376,0.0011298904620362722
0.0011470484959535837,0.0005450186508807743
0.002148853476309492,0.0005194662847803137
0.0022405386918101225,-0.00031489274147878906
0.0014152620946084704,-0.0005733852907802027
-0.00034543899629974604,-0.0010989887186965645
-0.0010755121010312305,-0.0010720285413489542
-0.0027817927220793884,-0.0014320110766784017
-0.0034610975049078176,-0.0011494367370244714
-0.003541897951951224,0.0003449409207249226
-0.0019967811116404,0.00030997167710226936
-0.0012040461126722102,0.00012896097080341174
-0.0007077707975044858,0.00033540606800239745
-0.0012416007810727772,0.0006288623405304968
-0.002023541645030746,-0.00028923670164467347
-0.00142097505538014,-0.00011566446510169557
-0.0018400221163650875,0.002142818739238506
-0.00126214760420819,0.0015155724102094512
-0.0010815447132296228,0.0005691363129692046
-0.0004847510972299581,0.0010099434154174126
-3.2229423993349916e-07,0.0018181637037162077
-7.973099574202965e-05,0.0018304327061553734
0.00074424200532827,0.000195339944548489
0.0011099543510365935,0.00015755483383462108
0.00047526252156373844,0.0009869767840322665
0.0011987591456425087,0.0008587471959035786
0.0008916962818189813,0.0005131234126062829
-3.875432450800153e-05,0.0004802963477022334
-0.0004780444523875777,0.0004108544078228546
-5.8177194828869315e-05,0.0007721119394004973
-0.00023154785786856581,0.0012540061483619844
0.0006943042021856114,0.0005525849456726432
0.0012359905216428478,-0.00027140821868347216
0.002519193924968138,0.00020586566028686686
0.0019616402303336104,0.0010146674415412449
0.0015073149716188575,0.002698509583901974
0.0011894898435760286,0.0028258503126999896
0.0009510761526472829,0.0021123676766072923
0.0007432257337527124,0.0014908492065492085
0.0001418101325722762,0.001077048823188314
-0.0006281475558529903,0.0006471707163626561
0.00028056659259596546,0.00022996970373293977
5.051598358552908e-05,0.000837518052442435
-0.0007620210345558932,0.0017624789886550884
0.001040877493705125,0.0011257916670173113
0.0005347530412568349,0.0006064464416218646
0.0007640541700205804,0.0005417984187035601
0.0002484456678467973,8.949104569207493e-05
0.0005913371496388884,-0.0008229629510880259
0.00021805190929566665,-0.000399994148571725
0.0017023427033598332,-0.0010072341242926524
0.0010361355919835885,0.0007805515115183804
0.0010995917355314845,0.0006833126975786452
0.00036106516494930317,0.0003526935528352501
-0.00026832919379104244,-0.0005011627597109327
-0.0007064653582322705,0.0005743130170695065
-0.0009225404362396079,0.00023339274457394432
-0.0013619544744451562,-0.0015303741423221815
-0.0007330070149378462,-0.0017751991671532924
-0.0008584929820644081,-0.002045601675145577
-0.0011722284425579495,-0.0008012005067648644
-0.0015689633412369177,-0.00018881089186087278
-0.0018747056002239705,8.900472167917432e-05
-0.001694294040353404,-0.0004027906760040532
-0.0015075855040244633,-0.0019202107673768824
-0.0026803490660448747,-0.0021245811198723655
-0.0021799544902643873,-0.0016527426454524818
-0.00171678639267175,-0.0008317749190694967
-0.0002382092032982056,-0.000445970788871786
-0.0007925639476477165,-0.0002771445225057644
-0.0012433641426254625,0.00036486783014749117
-0.001883727184361586,0.0001387405880795443
-0.001586500950380721,-0.0004857425085270229
-0.001301067640161402,-0.00026286060898039374
-0.002242446500820456,-0.0010428496254957943
-0.001998278974761112,-6.310340195429147e-05
-0.002927118196574351,0.0003430741294681876
-0.003981229272830494,-0.0001466512785878938
-0.003610996515512564,0.0002144941283080098
-0.002960903455996874,-0.0006178133679985469
-0.002738322449765991,-0.00123720705276517
-0.0029308576973718003,-0.0014593373274239194
-0.002798587194058122,-0.0011997431063403956
-0.002853301605302515,-0.00063381500139922
-0.0035650415219794108,-0.001866662427324604
-0.0037000369679108967,-0.003170322899842591
-0.0031589035862339115,-0.003248947133981127
-0.0038133241052020284,-0.0020091007044550305
-0.003263689337630269,-0.0012901056848602331
-0.002296930200981259,-0.001235643255287702
-0.001846692476725519,-0.0016576266243301138
-0.0015819549942762791,-0.002216528106287
-0.001392773442437728,-0.0014279437765811922
-0.00019663313661111032,-0.0020003845495931297
-0.0007354611245451267,-0.003224682551750819
0.0002759445708837982,-0.0036525764842786513
1.2571906744359622e-05,-0.003990165884363498
-0.000402197269978998,-0.003740861575115855
-0.0008110139948082986,-0.0017993878070317931
-0.0013988272222907323,-0.0009824654706930916
-0.001930655715939561,-0.00043969840252462396
-0.0016231479335987785,0.0006260255021649415
-0.0026747157695704406,3.9561890564695254e-05
-0.0030349870123490895,0.00014689839520664905
-0.0029792321489888426,0.0008754426750752425
-0.0032184022887544964,0.00017837864403784484
-0.004077546941225391,0.0005493443392453005
-0.004011922801590518,9.972486145330445e-06
-0.004597481114170382,0.0008386593663018045
-0.00545963384030295,0.0016844088788886707
-0.00459664357410783,0.0009198366736986491
-0.004071655179517152,0.0006577459041383293
-0.0020022156734968814,0.0014255874664586589
-0.0018028940560782802,0.0006130788730628591
-0.0019131219020580772,-0.0002858155437445934
-0.0022649893759086126,-0.001742947610600678
-0.0025394545089805504,-0.0016859433599762102
-0.0027324371110456535,-0.001526795616333769
-0.0027382022603117673,-0.0018135590393333807
-0.0026729781317678,-0.0028795614114024157
-0.0035323601054356316,-0.002534474415693488
-0.0035225845046367435,-0.002597898296952454
-0.0025624060778154504,-0.0030422874285164674
-0.0008946452360559735,-0.003589763768291229
-0.0009321390188769668,-0.002815660367743838
-0.0006550317779709054,-0.0032275266998036322
-0.000791786117662134,-0.003036883038893578
-0.002114032764623728,-0.004348159690760335
-0.0017158195077901458,-0.004357890703062043
-0.0020008019127140163,-0.003624657617260961
-0.0025995875049600594,-0.0032670927368006245
-0.0022028106242990707,-0.0034451280683283564
-0.0023810161183578323,-0.003647132615450524
-0.0017472561004182464,-0.004071252318478705
-0.0016642289152200187,-0.002847217806841367
-0.0027414375089535956,-0.001477302923253457
-0.0026997547037261524,-0.0014050944307614783
-0.0027788804140142643,-0.001445643718237634
-0.0033945976827309265,-0.00233993848080108
-0.002563295675129149,-0.0020882205384226706
-0.0019358587510460157,-0.0009374401557480557
-0.0013371566777083945,0.000656419337330731
-0.0014811419853910381,0.0018506588330476558
-0.0018864839557707395,0.0011474517546348258
-0.00135119546372114,0.0007233067403683139
-0.0007174451772086298,0.0022665075442203386
-0.00038627838429917353,0.0030336934453929387
0.0002203026846376799,0.0025108012415423334
0.0001192300097362618,0.0027025902380455203
-0.0006955529011772464,0.0026699667340725182
-0.0013318384045121704,0.0031946613147997944
-0.001604382909566963,0.0033404956179175706
-0.0016274437116169606,0.0018547099694238302
-0.00037381002269201746,0.0027708289600017703
-0.00015130869559776044,0.002269828921660101
-0.00016467248112337704,0.0019789841822502163
0.00028335601826848624,0.0016783163950595287
-0.0013963289433288125,0.0020622760092761164
-0.0015202134533312838,0.002438771684429633
-0.0018584196017708003,0.0035203127130658245
-0.001597660552529916,0.0032306481487410273
-0.0012563055854610927,0.0021404057911980487
-0.002075320255617795,0.0024232076949898267
-0.002084447659020939,0.002432959417635374
-0.0005899164284835048,0.0029737652377074524
5.725977802689995e-05,0.0021625894439904515
0.00025159510807587753,0.00194907061554607
-0.0005182166175084818,0.0006909887014031937
-0.002033947885791666,-3.383226879832e-05
-0.0037820034718464308,0.0003525027488872712
-0.0033787314939863044,-0.00037292415774074447
-0.003479985930726051,-0.0012888089164476402
-0.0033712977225968015,-0.001000911487179111
-0.003925963976080417,-0.0009756025249566074
-0.00307385486567752,-0.0018997078431344256
-0.0034897662371121815,-0.0019069247309063432
-0.0027550300230340503,-0.00038256058966684736
-0.0014045681437660049,0.001823251136647421
-0.0010387737995992555,0.001131581928079653
-0.0011327004855373702,-0.00017767796565008485
-0.0012769604405771762,-0.0005932244977929074
-0.00014352272025745956,-0.00202785202182402
-0.00043838021303068574,-0.0019785603391422775
0.00012447769656590756,-0.0008256846766279926
0.0006447102516102451,-0.000374293322586988
0.0004770138769059456,0.00023641189431048
0.001498802460652742,0.0012414826282185344
0.002122720865879394,-0.00031707034286607844
0.001797061354420901,-0.000675342845461423
0.0015112376134316006,-0.0005062699710779875
-0.0004574669041400932,-0.0005742835321871326
-0.0025171648436485674,-0.00030153276061719214
-0.0036479101074321438,-0.0007143394966764757
-0.0034495267019735497,-0.001276071733578799
-0.004092677581908084,-0.0022085673539194344
-0.003635069137013094,-0.0031499352330400343
-0.0026389499756567934,-0.0016083472675706301
-0.0020966709652124023,-0.002130624055270688
-0.001598238460591389,-0.001495029285636174
-0.0014844032414680415,-0.0009452191469370419
-0.0014621371179682407,-0.00023950478779963442
-0.0012891724142757596,0.000594842460616552
-0.0021662495071394874,0.0005686694998845348
-0.002236558263670375,0.00035565975370121996
-0.0019276326547807165,-0.0007408649399650024
-0.0022626789580994437,-0.0012924639384264709
-0.002762214887797097,-0.0030564176499367083
-0.003927930703060504,-0.0014343594135931596
-0.004580749048986978,-0.0008439843421594708
-0.004619208100167375,0.0018983028768730522
-0.003543676347499849,0.0014995830071176635
-0.003314168298027846,0.000915474607249236
-0.004071342784273235,0.0008347864377095395
-0.004757415970514132,0.00120172525092758
-0.005743923778015441,0.00032435626243642365
-0.005728394188233624,-0.0006237690955029454
-0.0044782845825398244,-0.0008547349833023484
-0.004306838076884355,-0.0009070422413815473
-0.0039015665586271033,-0.002878902160000431
-0.003940898608563292,-0.003929295285458816
-0.0034037896006097815,-0.0031571485474236913
-0.00287987076315441,-0.003543861702030325
-0.0021873833699860255,-0.0034293419493579766
-0.0013874525902198903,-0.003716808514678263
7.796911942079161e-05,-0.002872591887723276
0.0010206326190352415,-0.002397679890425918
0.00020359418293737453,-0.0012448304126083693
-0.0003339482718870843,-0.0004667799958443581
-0.0003393482121934627,0.0005922074679277398
-0.0005998253401635323,0.0004910422572908117
0.0007687173303086259,-7.134190560760263e-06
0.000484612216804502,-0.0012401410791752796
-0.0012177112069670175,-0.0010160419171157942
0.00028913975270920594,-0.002252192265621497
-0.0008183749170145761,-0.0004439449168079151
-0.0011043970731457091,-0.0016163326180968457
0.0007675906638203193,-0.003154067635892061
-0.0025573789639806474,-0.00026655519430818925
-0.0019359887913430953,-0.001180346225519761
-0.003536973054522023,-0.0017671144579638038
-0.004885653422330056,0.00021489705203721018
-0.004714893235930714,-0.0006939677937939565
-0.004165944880952444,-0.0005835765280081277
-0.004397931366210364,0.0006517259194575105
-0.0036061686066312672,-0.0002252921586474773
-0.0033198127539803834,0.0006371344600429834
-0.0063028088437606464,0.0012454167326627534
-0.0024219987303539282,-0.0002209482588521913
-0.00542849221110172,0.009369329930621707
-0.006225490955963673,0.018053222063850852
-0.0034056655464782706,0.020996746984432144
-0.010690593144716896,0.02903457122407884
-0.025486914388058793,0.048610775894381425
-0.028759568158311134,0.05177627517912292
-0.0014234643087798725,0.0416092407181257
0.012493227327349136,0.03189689877531291
0.010310507137958967,0.037500723901066985
-0.0009351027811119149,0.037380870077764625
-0.014813396016116859,0.04057515025325995
-0.021888198994534907,0.04836164448481649
-0.013384831937676905,0.0609822521065721
-0.00562037041826278,0.05647628938144851
-0.012851951156569952,0.0444059799535409
-0.01609746908812823,0.03439264954915349
-0.0037765711312482755,0.01683761228442088
0.005358330675121173,-0.00478184520495914
0.009493716984363893,-0.024821842197305214
0.0157011634990505,-0.04806410600045717
0.02428475964080712,-0.07709553141959373
0.03524405756987475,-0.09401820245448456
0.051942589289333124,-0.11099110594727853
0.07701339062549985,-0.13428491298448483
0.08585338210245164,-0.15361856500122822
0.08890131820041362,-0.16736881813486051
0.09499819564033862,-0.18100444312974406
0.0976283469455134,-0.19207159058859144
0.09930668133196793,-0.20239256786530163
0.10249239998157757,-0.20516220573000976
0.1018610121038497,-0.20175145415216594
0.11112399381533189,-0.2035504797655336
0.11967430952510569,-0.21544313970869078
0.12159629086447124,-0.219473561620184
0.12178797762167556,-0.21959700560675405
0.12271745654312223,-0.21896058933738652
0.12416680764555776,-0.21532454723206623
0.12239537692904784,-0.21156677676774668
0.12220500766770954,-0.2090069494284776
0.1249340921437523,-0.20552010093629036
0.12266022545979953,-0.1997536749443431
0.11752041945556194,-0.1929343922732025
0.11733412895340499,-0.1926495790637769
0.12012416743608484,-0.19123012487986318
0.1181830992908735,-0.18932202414892962
0.11668438343000018,-0.18795350934713562
0.11785100251420226,-0.18666663430524347
0.1164855451960646,-0.1826223242770497
0.11456507254030374,-0.18124114952299017
0.11698082218999759,-0.1892415992026687
0.12074164391062406,-0.20100981447536032
0.12513843752373327,-0.21160573215700104
0.1208633803781744,-0.22812465693789746
0.10465582784254293,-0.22252595313702841
0.07455260263520845,-0.20860152289924327
0.04060968218370332,-0.2018749828224734
0.02676021180467593,-0.21291754890561598
0.024511741371643168,-0.22365454231765494
0.02618177290404812,-0.22778984803563407
0.03278102866556349,-0.23196981022484855
0.0397229478286139,-0.23279352889233568
0.030547260643416313,-0.21566583053772098
0.004330059581286263,-0.18068465616774348
-0.021053895260961773,-0.14790817113458068
-0.04691411345051272,-0.10258663693592912
-0.0698058939232577,-0.07829813171857604
-0.07339043458197869,-0.08788083762606128
-0.06811366609082185,-0.07490909453713655
-0.0802095893139041,-0.031037651112653976
-0.09540935515524243,0.0015448926240490754
-0.09882847661848167,0.0038944153969385684
-0.10459117475583143,0.010365873892211972
-0.11088614370790897,0.05497092311769899
-0.11309359844355371,0.0819777450967123
-0.08868950881734783,0.08846329216563069
-0.06551114546694325,0.08842696088796442
-0.10135988710427235,0.1557082248653235
-0.10684808945842397,0.1614022737920572
-0.09926457234871035,0.142784833587479
-0.08773334371585305,0.11516459546307274
-0.07813218111858475,0.09289928097901265
-0.07117301412114592,0.08413921397277757
-0.06287345590021645,0.08619096717268394
-0.04658305436527892,0.0707672716081837
-0.03449999351154979,0.050232739508858315
-0.030601694379061836,0.03799842406792363
-0.024958484004012314,0.03585840656741218
-0.02240715471602573,0.03238459925320651
-0.02061361820780169,0.028793126912263642
-0.01578574521366135,0.02418846993795783
-0.008928115422213754,0.0199401118661114
0.005008790228941047,0.023332554217649785
0.014051170935575522,0.025264831759961207
0.019304280327452156,0.028676654884496777
0.020354947591925666,0.03467473441310871
0.020120722075440137,0.044391694330673706
0.026100716841846665,0.050362973403946104
0.0325726669260739,0.05500923711669803
0.03895605266221541,0.057932709318638184
0.03958596118411484,0.056981225861673375
0.036629749238130165,0.05609674278077031
0.03791821080180383,0.05398834814175513
0.0404413815392232,0.05366940317655558
0.042603617764614445,0.054974814557367524
0.040396227539915786,0.056971382608722004
0.03614030647819701,0.061409539038397645
0.029223422233359397,0.07505570863910499
0.02594584570895978,0.09267733299586907
0.024911377253624988,0.10122384235836694
0.0165675442771981,0.11220175974412823
0.002902855300175646,0.1250965618882863
-0.017582496655053088,0.12902221824795132
-0.03558546606991865,0.13060852736402137
-0.027668252575595836,0.13493598549110739
-0.020405286243367605,0.13390603890779484
-0.03765557975632382,0.14276551334766296
-0.04738927774326287,0.15690881504657486
-0.043583796808448344,0.17382512696625027
-0.02921016003208329,0.18154182079064646
-0.017324093883174844,0.1636713541933451
-0.006415609145098043,0.13757751141528757
0.011681755551571164,0.1046892238867072
0.03486870928396397,0.05036005711837273
0.048994074748673164,-0.007140640710398681
0.05559922085179607,-0.07008782709258946
0.05850009869103801,-0.12661620594749667
0.055332925224424304,-0.1662205724007999
0.051409629896061196,-0.16990836596188416
0.0468518432651173,-0.1558162627872603
0.04972899381730363,-0.1435123340104982
0.04943633457307407,-0.13983307825464328
0.04610420184749259,-0.1557320231677532
0.04172740285217205,-0.1738521228233281
0.037786201636618645,-0.18398144580659348
0.037220543652470364,-0.19249628182688247
0.04624603687577369,-0.19747814657922041
0.05176655565448072,-0.20045024099680092
0.0551662404361743,-0.20713974774798635
0.05170722714515632,-0.19856348338999863
0.04677389174695605,-0.1944791886073293
0.04192667584065549,-0.19246948397537897
0.037673910311247956,-0.19603369662152603
0.03474907101562819,-0.19677509394211506
0.027120192248159716,-0.19647145287419557
0.023805519439879443,-0.19644428371823472
0.023417541928660707,-0.19779632885540344
0.02679628412438438,-0.19952181505516503
0.025305105591847905,-0.20069140052103904
0.02305737999556063,-0.201326796476838
0.018567108724526053,-0.19343092350439836
0.017292638318923234,-0.19388330484389613
0.017230693733584337,-0.1974951771935105
0.014469966945659357,-0.19633992692105962
0.012824525083928163,-0.19691465194673158
0.00984884144884451,-0.19780344384364257
0.0006280613950981934,-0.1950607026815785
-0.004044068680909045,-0.1900066758655965
-0.000731978963001984,-0.18390387499407113
0.0061332627475022,-0.1847851682151746
0.00905896180884463,-0.18913209030932604
0.0023692036238633423,-0.1884564051757714
-0.005633593745211915,-0.19024310265798755
-0.012794239504277178,-0.19031270612870993
-0.02110654333897412,-0.18683251041759996
-0.02615123221121042,-0.17959835031970087
-0.02421865330199849,-0.17744780396366217
-0.015259334153250379,-0.17774513966506747
-0.01070525611257239,-0.18223098498043183
-0.009162957825835389,-0.1894884336384331
-0.011948279776203122,-0.18722530107329682
-0.015808000856159132,-0.18341058649946868
-0.017750558315312914,-0.1788983146035133
-0.019841652966447403,-0.1738110928319772
-0.018380279723636705,-0.17248423132830093
-0.014033248888010183,-0.1748179515744296
-0.0068073638041261895,-0.17803068768255048
-0.001723108899504425,-0.18141885680950404
-0.00029148980259208375,-0.1807331833826854
-0.004085929283680783,-0.17616240176464867
-0.0037726723449558936,-0.17133618230371322
-0.004032723695479662,-0.1710821154991129
-0.003266068858851281,-0.17239194595225563
0.0001335901270975294,-0.17573568877877055
0.001593964477305858,-0.18035212071196574
0.007156294463732929,-0.18633734764332552
0.01155616278665921,-0.185132255514353
0.023118809120619067,-0.17922703366379533
0.015419785214188382,-0.17045160858325836
-0.0029456592009662764,-0.1581087982476261
-0.020661326984044614,-0.15827727296323657
-0.03416111124870318,-0.16730809752266654
-0.05063581095699096,-0.1806823885982909
-0.06557522398088414,-0.1805017732933966
-0.07659215666338448,-0.16585764794148147
-0.08945865435373893,-0.15761808687421472
-0.09793489060398144,-0.14541750718189414
-0.10102756155139636,-0.13379886965381046
-0.10375160198938957,-0.10830745546371644
-0.11264589868725734,-0.08284946963820544
-0.12200882214318393,-0.06274027286650535
-0.12215692334281453,-0.031912542664841885
-0.1363286793055197,0.007393921725866573
-0.14266988728181745,0.03756779412358256
-0.1490957123987451,0.054929131766741114
-0.15331861322213483,0.0655281871458705
-0.15952584277747053,0.08295684661231842
-0.1620604490078582,0.09356178772813373
-0.1654156681084544,0.09367216050943399
-0.16539195226259457,0.09858838663910044
-0.1617429790894274,0.11091579220860688
-0.1550405010527801,0.1182380492260309
-0.14902064016940636,0.11728312768412356
-0.1422894346071916,0.12123905050112768
-0.13867230280095055,0.13840542705994816
-0.1251587840221341,0.14862652631921838
-0.11068305595542981,0.14906630553582956
-0.1025910858704264,0.14649181576551012
-0.09944625394702641,0.14884487410778466
-0.09880048465369037,0.14861876465694693
-0.09796152459895946,0.1471884683483622
-0.09287554921134772,0.14482006284710164
-0.08151375567311529,0.1420673496945369
-0.07357605189913931,0.14205718869914225
-0.07014412939173303,0.1447575960402183
-0.06767473729192991,0.15503767131205476
-0.05843052798395783,0.18152999862123498
-0.0467112521419869,0.2007567605359914
-0.03158234685080914,0.2035909031605117
-0.020000010341676085,0.19956337099680233
-0.005658530473412932,0.19416690991449206
0.010731959422591836,0.1904532057691156
0.028245015645836077,0.18169869961080448
0.05279893260267024,0.17202691618978427
0.07289028582345836,0.14379907129860248
0.0765329098198976,0.10195521164792272
0.07635296217818166,0.06272526883554864
0.08025824208291632,0.04353112440097824
0.08484671964820399,0.030405984531866336
0.0966321473149194,0.006273321174508437
0.11468079879143213,-0.019089698705638255
0.11579593305473085,-0.036415430276423494
0.1057384301109826,-0.035182560362920376
0.09539024259437962,-0.024558011449092677
0.09878312519567792,-0.022993533484549883
0.11083153570152006,-0.03671458584288996
0.11002295710021281,-0.0529273247826894
0.10191614377117654,-0.07145802778454942
0.1004015177119624,-0.09543123160919134
0.09478761268519993,-0.12057159695483559
0.08465588173389449,-0.1358899340143376
0.07819431498236744,-0.15355496296637908
0.07521474967302244,-0.1676902227161053
0.07254735935431465,-0.18114556969233953
0.0693542547394775,-0.19593556330054648
0.05962390505671125,-0.19788285721488422
0.057089958881490196,-0.19064922180811164
0.05407742232223208,-0.18058738337145944
0.05319310334125382,-0.1724227481084047
0.05272895293648611,-0.16290410036710742
0.05302298803558202,-0.15772642916721638
0.05184534337820854,-0.15035599576780384
0.04868261874806275,-0.14087095515770054
0.04820916459148498,-0.12797367074476262
0.047560821285505595,-0.1184756732368892
0.046389852717713974,-0.11727616787303015
0.04523593871405882,-0.11533613610039835
0.04228138273318195,-0.1104963073186402
0.03647025093670279,-0.09329336103338362
0.032644961066234476,-0.0809275468073741
0.030742793144564858,-0.07345257237520934
0.025311344010413742,-0.0701155099714727
0.030305668555720547,-0.06705858587011179
0.0356572201015092,-0.06662630626644843
0.03406282020466775,-0.06094003722839789
0.031030191397309236,-0.05327144308818968
0.03167526024119676,-0.05515731525873532
0.03321732550296448,-0.0577407803948745
0.034347638256742224,-0.058071734672738684
0.03860156614561221,-0.055865686458672674
0.037578246589971824,-0.0591865176940322
0.03354845364326152,-0.06148054744504551
0.027735525370240086,-0.05856951549414123
0.027291244799318107,-0.058192555320852074
0.02574220372813224,-0.060488122894537456
0.023554561676387056,-0.06217008324105815
0.020819866422428706,-0.06475376854434656
0.022461585996028433,-0.0701045847234883
0.020840098419938866,-0.06513875202781548
0.01972601730494374,-0.06357358291013501
0.019268692398744253,-0.07714534310608309
0.012827022310855234,-0.079863554789176
0.004211352652535069,-0.06928890210489667
0.000391648084971768,-0.064479291814289
-0.0014430955482734051,-0.06101008968838888
-0.008417692333138362,-0.06384148879525875
-0.008575484529250913,-0.07471440768669498
-0.016459349319954058,-0.0711914218820328
-0.02850519808749817,-0.06076645175538619
-0.03514101605481361,-0.061228269414107465
-0.03329962673882133,-0.07313218588546752
-0.035946272616644334,-0.07789373380489435
-0.032030178197183186,-0.08553656076314406
-0.027693339265021863,-0.09380476911303462
-0.02690268063704813,-0.10215655328045337
-0.024485458859210957,-0.11542297279848888
-0.02568024023510301,-0.11517441737069158
-0.03355479938333496,-0.1069950641557199
-0.03935964916701535,-0.0961132157645566
-0.042059936035495654,-0.09815446983497823
-0.04716808661363723,-0.10198600365047787
-0.05407821396285201,-0.10095320416375139
-0.05939174160230802,-0.09345273754046043
-0.06165775537980292,-0.08803356350547198
-0.06092262566612915,-0.09036425325593042
-0.057929737796470065,-0.09472777456189763
-0.05224662359133427,-0.09319186117139742
-0.048659954261467284,-0.09112208370169675
-0.04258691246409016,-0.08761169721500359
-0.04443177542740652,-0.08156650192739251
-0.05031195437381047,-0.07295876482168501
-0.04696417920715337,-0.07675079459410727
-0.04075261871907361,-0.09735949170954367
-0.03126571309286879,-0.11742232484667296
-0.03513471394128893,-0.1322911012262471
-0.03645555669757238,-0.14661420179050835
-0.03497437426793042,-0.16086936708021776
-0.04302151170294455,-0.16217603701989924
-0.04245910147658893,-0.176398565471086
-0.050587152731589785,-0.16269338325467905
-0.049252872391244984,-0.16763442799317904
-0.04089242312904389,-0.17610292953957235
-0.040120651491054905,-0.18195263172830212
-0.0437806892330705,-0.1845826425899747
-0.04973198867130912,-0.19059674661295128
-0.05325319067957886,-0.20884818728059026
-0.05187716045902657,-0.23977855292536754
-0.050635264635569395,-0.2848712800213527
-0.04900002790420189,-0.33774197692226793
-0.04698675184740109,-0.37939062190251066
-0.051012564191580394,-0.41544236419669495
-0.049766422602172705,-0.44653102749589946
-0.05329261308120908,-0.4798967596702387
-0.053308440928628936,-0.5079449932920429
-0.04919655831645698,-0.5310505911541543
-0.04778901815566686,-0.5498819502393778
-0.04775575073685544,-0.56622080801391
-0.048531243152344805,-0.5862755363983202
-0.049961673439513174,-0.6120668984927345
-0.049949047357002785,-0.6363478485214837
-0.04595651337162467,-0.6450092307144198
-0.049735847274425996,-0.6468403122082971
-0.05514391208788137,-0.6444767086077615
-0.056493502294937076,-0.6438601223789209
-0.056634362274932584,-0.64949681660334
-0.055478523711815816,-0.6547487831929886
-0.056061216772412006,-0.6564322296205205
-0.058129279705787185,-0.65626857380282
-0.059062522298776135,-0.6518718871114806
-0.060416549704787645,-0.6484737727327577
-0.06050400004752086,-0.6466130213661506
-0.05803084649634133,-0.6489853160702342
-0.05297603563287438,-0.6529714145646385
-0.04886502188470455,-0.6579183573651803
-0.04571065692772083,-0.6670126208800987
-0.042981952075900345,-0.6744243361057594
-0.04214952814086103,-0.6798445133328022
-0.04113660543972935,-0.6789628137226231
-0.03902137397366562,-0.6757987034931123
-0.039509032167230486,-0.6744337310772258
-0.03701710778041294,-0.6754325771770816
-0.03531858098843992,-0.6761593140870473
-0.035343713768877086,-0.6734801779642542
-0.03534901182764031,-0.6695803967215078
-0.0334182087207734,-0.6659106277334076
-0.03283680444797854,-0.6627187942290351
-0.029956958209110134,-0.6627614249563661
-0.029743123959456587,-0.6630332017722813
-0.029959439389068285,-0.6645531432305503
-0.02761408179918558,-0.662282962533905
-0.025454171076786526,-0.6635065353713427
-0.024323990979971278,-0.6624043558652142
-0.024623768749537905,-0.6634035579655001
-0.022472546215295954,-0.6675594428165945
-0.022099172824504323,-0.6701783085966906
-0.021280713504376852,-0.6701249238111285
-0.022203374105551614,-0.6665455598612463
-0.021455287735389218,-0.6661902582794136
-0.019774982993287636,-0.669937993147492
-0.018021295582828556,-0.6747985372353196
-0.019677915134697407,-0.6756393638210294
-0.017763542578369495,-0.6743916798752614
-0.015760132414538313,-0.6731074654541586
-0.014440263108572108,-0.6699786556081289
-0.01373426079425493,-0.6675622259989513
-0.014559731946352655,-0.6687820414839255
-0.01386614579406258,-0.6718636725361681
-0.01393824678742266,-0.6705503843046586
-0.01432170003132792,-0.669115866488986
-0.014586483079433474,-0.6692492368187974
-0.010966113366688237,-0.6714828663296302
-0.010783699645385003,-0.6737082497955956
-0.01028907386687539,-0.6739026222554014
-0.008442122307152477,-0.6713624815455519
-0.0059667096854762,-0.6693536511252376
-0.0034865719302596457,-0.6699127837902346
-0.0031854298803868095,-0.6716030220269599
0.0008084984174734399,-0.6712917539054583
-0.0004495088823209275,-0.668384348185262
-0.0026503542298219364,-0.6660407748359729
-0.003469626088243573,-0.6643754094482214
-0.0025355517153713234,-0.664247751593137
-0.004352166498665028,-0.6676238674170951
-0.008675668114723784,-0.6667215891011915
-0.009172303446674898,-0.6630429927704298
-0.010157405193671394,-0.6589765047560724
-0.012535155565646838,-0.6602294259219097
-0.014092378382034974,-0.6672319211733223
-0.014963508643881936,-0.6739154857978669
-0.01367945831428395,-0.6738675727883654
-0.012613952784977166,-0.6736735640427428
-0.012847730509437832,-0.6766271133488474
-0.016814818538263467,-0.673307934907469
-0.024390884132491936,-0.6692094734484478
-0.03659443401234423,-0.6699360178122207
-0.05252133581024883,-0.6697673459633438
-0.05036235323895387,-0.6450603531810718
-0.050692198769921856,-0.621124555075548
-0.05945493008110696,-0.6002848360504057
-0.07337537383425755,-0.5791350975968004
-0.07913253591622,-0.5596259694716522
-0.08331203745697087,-0.5393484898048644
-0.08012277546553508,-0.5060753436912581
-0.07434599882533578,-0.4667016315885672
-0.07061979091335066,-0.4334269157540358
-0.07344492083722928,-0.40241876913822483
-0.0740077070026858,-0.382455393879682
-0.07891678319303189,-0.3537160441188434
-0.0791518019100115,-0.3240344725103523
-0.07625922095426833,-0.2712855263451022
-0.07332694803935352,-0.21262239790198956
-0.06672908505660079,-0.1609554579531399
-0.0726319088077041,-0.1066315092255801
-0.07319027722734597,-0.06330854876794831
-0.06756115393356352,-0.021016995221157492
-0.06068980939269142,0.011226715486155031
-0.056958787637092584,0.05660078592029258
-0.05465199828684145,0.10453487466285491
-0.054894548677449875,0.15373985603936136
-0.05150376040612871,0.19803693258296579
-0.04943392110387048,0.23317978976013187
-0.04464974620239284,0.260493910114473
-0.04260474266581937,0.2896869375120973
-0.04149489914823585,0.32063202452573386
-0.03952039460031473,0.3449185341805272
-0.038947134129277666,0.36571484773000673
-0.037502540743476906,0.3859518721601387
-0.03458361275434488,0.4059341072487536
-0.032587564806552775,0.42183796958819614
-0.03169905608996766,0.4348333874155797
-0.027748900869866675,0.4473110142469156
-0.025429735787025162,0.4592174503167623
-0.02484323267984752,0.47113734633144844
-0.021750301939785888,0.4762810078189027
-0.019315971202033773,0.4783106622875544
-0.02027850503088075,0.4815977505926743
-0.016208854214745744,0.4870480102333693
-0.014822347889775905,0.49212296530665667
-0.014380492507381456,0.4934626038103128
-0.012357066258195163,0.4960841517089154
-0.010050058743396673,0.49988862113960786
-0.009190600810687942,0.5010870036068049
-0.00826534924548322,0.5011235490471326
-0.009347954430183133,0.5027884615063564
-0.011629186832382819,0.5049727859968725
-0.01197778843919404,0.5051445350925553
-0.012803358555768737,0.5061193382584532
-0.011825815234766062,0.5074897970080784
-0.009774374362732083,0.5102419632593416
-0.008693329442870207,0.509951196394045
-0.008123785031441991,0.5087561207275221
-0.008274841238784945,0.5077156307802444
-0.007753613020946876,0.5078660590578258
-0.009811408367883233,0.5083647530874997
-0.01040828712761253,0.5087736914364918
-0.00870774707097533,0.5081103296440217
-0.006792326875434612,0.5094802709510063
-0.006782391767277924,0.5097066430413685
-0.007364641286905713,0.5073263979496772
-0.009116242071883362,0.5070921300916935
-0.008684618511665868,0.5082254302125766
-0.010540801825073574,0.5085864806854904
-0.011570939587398934,0.5103186987280921
-0.01070210162208342,0.5129301692097028
-0.009017692263998721,0.5138088282304306
-0.008150008563876513,0.5128401355408447
-0.007454754146466912,0.5135410180012228
-0.006548528291570583,0.5137523308044327
-0.006900665138546382,0.5117027291798704
-0.008357724414000355,0.5121807864842314
-0.0065040634155096805,0.5141255307468371
-0.0077951152492921755,0.5166645277572444
-0.008238830397768558,0.5155478729463143
-0.008607196523771475,0.5135386534300197
-0.009904329065590581,0.5127051700724834
-0.011321346523266104,0.5124663830134324
-0.01208217543647256,0.5135735019353037
-0.012333367442713754,0.5115499274699822
-0.012341108095954397,0.5127457366922489
-0.011252034721049626,0.5134850288218807
-0.009567754317439328,0.5119896214436627
-0.009001547327521264,0.5101087489807302
-0.00993024953806867,0.5092784750959161
-0.011886063915129448,0.5096666864012727
-0.01205917246318237,0.510986783859494
-0.012025616243899596,0.5117808936650141
-0.011422089796361405,0.5117349858897098
-0.011553828506913992,0.5117292740204379
-0.010568495655028317,0.5109983785605017
-0.009262152513566197,0.5128507455341369
-0.00996080731045426,0.513602940673597
-0.009439680734795772,0.51368097094557
-0.00940394489493331,0.5129261243004611
-0.011980056544753547,0.5146869812954125
-0.013479958032572244,0.5160781278360745
-0.014970850236797329,0.5150054394421556
-0.015218959730002321,0.514516845815891
-0.014100944567618982,0.5163330785653466
-0.013200375666689653,0.515422529908639
-0.013673332889003652,0.5151833068126842
-0.013565029196629073,0.5139992602590667
-0.012904859957577602,0.5150258259832097
-0.012460464977986061,0.5154545500806803
-0.010586449994741584,0.5184292443827855
-0.010478268871056825,0.5214693175504238
-0.010547096277176487,0.5223197804107264
-0.016370035229669462,0.5226401053983141
-0.014677506430958203,0.5355908663823714
-0.026524755674758874,0.5318303013750342
-0.03093087204115684,0.5340603701676458
-0.038157982286907546,0.5257893377661026
-0.04213412304406873,0.5156264157716888
-0.04887235157222697,0.5128045787263789
-0.05068290577370009,0.5060716293242068
-0.04660306290467663,0.492795683835365
-0.04144092896335151,0.4793694206159832
-0.04275324063127157,0.4686097639479468
-0.04835753081633375,0.4701701047035967
-0.045334021020389394,0.4673763876086001
-0.04978925455685524,0.4632993055320821
-0.05476471662307117,0.46350623450976114
-0.057236336749217534,0.4654496876687048
-0.059604014076207364,0.46749062826223325
-0.0623092913342271,0.46532364824609407
-0.06557085927907771,0.4593333689235074
-0.07025515396534956,0.4602166756482723
-0.06927034200362937,0.45966190648287764
-0.07208586035187989,0.459946656223005
-0.07718948984793429,0.46115957321903067
-0.07826556699191768,0.46205925320402513
-0.07965455314474537,0.46452685290422385
-0.08215254742081865,0.46757378297187147
-0.08557118595008399,0.47515642266778824
-0.08773822578056815,0.47885936346325586
-0.0900168688323179,0.48072983432649985
-0.09316206148981629,0.47960754107256454
-0.09577459999100978,0.481149188109387
-0.09881837492009944,0.48429812692214
-0.09448031301123087,0.48951245938261845
-0.09293004142960812,0.4909039312849215
-0.09252756884952971,0.49085870658215525
-0.0957520719721261,0.4896183592230291
-0.10011009212137459,0.4890965027212854
-0.10302645517022588,0.4851145052630071
-0.10563550943331403,0.48198220294783284
-0.1090062585946085,0.48176713775268787
-0.11187515000513046,0.4850044014824991
-0.11291780411779583,0.48692242613751413
-0.11200143656864509,0.48392256555087376
-0.11128801175821444,0.4818219044070348
-0.11359564887281338,0.48088096677942266
-0.11700325610048143,0.4873653383882779
-0.11688971996303073,0.4922714232330755
-0.11711877221484035,0.49236256537067113
-0.11816479518810588,0.4958077027628807
-0.12273501227904221,0.5007200784957944
-0.12308556823833353,0.5048053258244914
-0.12212468734289161,0.5030598881862299
-0.12023606776860112,0.5013864043437327
-0.119560280705034,0.5009255310446741
-0.12361705105557791,0.5027855825031593
-0.12456389351879876,0.5039396471829423
-0.1231455583973971,0.508557874499303
-0.12120467359026495,0.5096853640699732
-0.11996091563602501,0.5125785580635704
-0.11883761426326814,0.5147531391845495
-0.11889297547331736,0.5185501705221349
-0.11735139501463163,0.5192831944427512
-0.1177462293279969,0.520443417692482
-0.11728813885804275,0.5203135290398877
-0.11526896198590765,0.5216745339708921
-0.11405727527813547,0.5241802834677989
-0.11240765227655171,0.5253834356353506
-0.11269611308464685,0.5269410251892002
-0.11284263242426008,0.5284887427272016
-0.11334036389954677,0.5317377534271018
-0.11405515138449639,0.5353880198986548
-0.11599794539495513,0.5377694566093278
-0.11547923200751442,0.5363065247849623
-0.11611255436893578,0.5370587863867051
-0.11481548232090866,0.539472644785302
-0.11221710650945957,0.5390536580120331
-0.11146897909162752,0.5394081980875141
-0.11045810364589427,0.5418735104093256
-0.10942624370686357,0.5452313658767949
-0.10857887639919032,0.5458299758739046
-0.11060827959281132,0.5458732788300427
-0.11217118805638428,0.5495312963240565
-0.11128878083164198,0.5505215135602409
-0.11279317378868821,0.5501095172620255
-0.11349247429178412,0.5494670702390327
-0.11250856443283251,0.5461644975385713
-0.1120373344377984,0.5402373511759645
-0.1118699667465983,0.5368289527488698
-0.11400488331466824,0.534250252945948
-0.11522040301597028,0.528923942409171
-0.11538088260544141,0.5215630882258249
-0.11575130546078166,0.5199444868169399
-0.11212742765338027,0.5241452195582296
-0.10506212186508539,0.5241450841504623
-0.08899804074064839,0.5255809335796832
-0.06261474394007545,0.5245684361317086
-0.026479130359164455,0.5168307800642791
0.027005346034616677,0.4967047097030855
0.07751874352032523,0.4673292246480712
0.14431592438397692,0.44191435068332263
0.21009742577608276,0.3934082364750779
0.2682836349830459,0.3581568125982291
0.3093984448056781,0.3298652066662811
0.3566917100823518,0.2976118431917758
0.4093312323066004,0.2672073966427286
0.4455888525277789,0.23990159164069522
0.4738042750567582,0.21622975039741252
0.4933710393195604,0.1939041387421728
0.5141235909817107,0.1742245174325317
0.5412384531113101,0.14504451349216338
0.5620044876259844,0.11773992932057993
0.5733133781008389,0.1047008238309318
0.5804713327906484,0.09411336844130638
0.5830113502311387,0.0849035236520709
0.5830128386764553,0.07810154617608484
0.5891105776143357,0.0716447078998606
0.5969604365855613,0.0700499968197087
0.5981289812318002,0.07082274261518924
0.5979429234001046,0.06434019721089052
0.5975911725701557,0.06341347236690761
0.5999894809769435,0.06260271251547442
0.6007129701966358,0.062188270904570145
0.6030365326518776,0.06321351646730587
0.6029758769687626,0.06055197846224012
0.6005767803079647,0.05970813372728466
0.6032485635123199,0.0566067236945859
0.6068189211991264,0.053216042060199635
0.6065601315734375,0.051205386034242524
0.6035583845663602,0.05337737478970756
0.6034462090026559,0.05446042690351265
0.6040082551192922,0.05510163765798899
0.6043721425515133,0.05492602319847375
0.6068488317668341,0.055522638195788634
0.6071039738618567,0.05485455782192945
0.6037169186259181,0.05566477378491434
0.6047628715714154,0.054420618006762636
0.6059577963313387,0.055462894820165795
0.6064841483304582,0.05467936483172436
0.6065914303896718,0.054261206028488954
0.6073073438288624,0.05258441689035008
0.610031454402238,0.05163331138946355
0.6124082770545182,0.05301539763176376
0.6126969069453895,0.05526891723009495
0.6115150378717747,0.054703719288670315
0.6072644301466665,0.05168270753956504
0.6063737706938319,0.04950140620461376
0.6056073154646016,0.04934819667760973
0.6034583558372492,0.04965670295938264
0.5974618694772712,0.051906297285104284
0.5882698383669762,0.0561590194112377
0.5766715593664433,0.05881220756091042
0.5643060535981065,0.0588771981562969
0.5466167019229569,0.05878930136414492
0.5199397878470106,0.059754743394086096
0.4932680938014231,0.06184019434800891
0.46150361734533385,0.06728151514001063
0.4181852312823355,0.06545512898406866
0.35806324571478754,0.05596290519547262
0.3054734335629528,0.05530451713538235
0.26906560480104313,0.060649895355903996
0.24188070201321482,0.05987791961611655
0.21652391984371283,0.05399116506978214
0.19464232900232725,0.043949878794521745
0.18589667542248509,0.027727564594697163
0.1503440850688659,0.008896732343029016
0.0975765081742319,0.00043794848616188567
0.04728379114001237,-0.009640297082715018
0.007700315850821985,-0.019241208738098006
-0.03573597620673678,-0.0179561473555321
-0.08096873716410194,-0.021242140210156375
-0.14039627212447459,-0.039052323336156845
-0.22427112136969396,-0.045398372711153066
-0.30275328871027907,-0.03302892046192597
-0.3677073789024021,-0.024105861122035534
-0.39897926348826496,-0.013483526088312018
-0.43140399711306426,-0.00026944685855719366
-0.46412570490525495,0.015608793567123753
-0.5178477976040309,0.015678265197821756
-0.5648418892977274,0.011936886785107856
-0.5996392241154628,0.020696473372686614
-0.629748642700482,0.03896971472221857
-0.6537695984294158,0.04567611669089498
-0.6780287515485794,0.057022750208707965
-0.6941284166119339,0.07622282555092753
-0.720921160940026,0.08248089010947118
-0.7502313085111357,0.09118313800831551
-0.7713127274594975,0.10789287537960238
-0.7687820251688946,0.13036757191597498
-0.7524934756471295,0.14479586100582525
-0.7485406692219505,0.15959145225411642
-0.7506993739963023,0.1736608406070057
-0.7450788738085843,0.18905491875083552
-0.7199136149181812,0.21554742716478673
-0.6994186259595483,0.23736553950712977
-0.6754080488600572,0.26210848844804513
-0.6431682715322042,0.3018238296878173
-0.6171097853434961,0.3204943325970432
-0.6032318785639033,0.34662108333412966
-0.58793453339022,0.38495942403184735
-0.5716110053513428,0.42676528672389924
-0.5518133976509239,0.4671453630625869
-0.5234286624249452,0.5133541501063316
-0.48986214105194004,0.525703690241238
-0.46229883222394536,0.5031141111112871
-0.4416049590792348,0.4724663835159652
-0.42450206106255456,0.4520062003230222
-0.39795489282260976,0.4440890032464825
-0.36779791892006225,0.41496188048167226
-0.3370774005582206,0.36216979145333517
-0.31953886488344,0.3027994317250215
-0.30864548574879674,0.2445932421887316
-0.29267204718594275,0.19045072296501475
-0.2714268315408573,0.14232099703016654
-0.24794290593546237,0.09529887680201538
-0.22446726668158082,0.04636595097067331
-0.20831441368659398,-0.005241989425148252
-0.191432985119573,-0.06097762850895147
-0.17897443266785126,-0.11999055000270081
-0.16108028580197822,-0.17769220601790325
-0.14394591511923369,-0.23251243185327797
-0.13934009459724195,-0.28578171733159285
-0.138872180591677,-0.35118691454629225
-0.13441580564086328,-0.41888009090293804
-0.132258291139563,-0.4724654708915094
-0.1376372189852206,-0.5124998485005544
-0.15042548076609547,-0.5388986960043818
-0.1638735322190566,-0.573321756436813
-0.1605337611643804,-0.5941038152141357
-0.16118917072739464,-0.592553659059061
-0.18039389078852636,-0.5748671033697835
-0.19178386895224916,-0.5369394536758774
-0.1998153860926064,-0.5063348816729953
-0.19785870767231098,-0.49641646904443304
-0.1864408534283824,-0.4823736349759994
-0.1818194439028316,-0.44311642788444144
-0.18327265079118688,-0.3826517734620162
-0.17713401364171838,-0.32591459981416365
-0.17343342322886712,-0.2812847348937544
-0.169489897330474,-0.23537754847041675
-0.16838181467930025,-0.19276020259704377
-0.16804441240204013,-0.15169064122004622
-0.16505231400210507,-0.10830947063120505
-0.1592542140752643,-0.06582800872483742
-0.1518873905676721,-0.0349525818035064
-0.14428306986688055,-0.013575720640564266
-0.1303808913297595,-0.0005878117458475093
-0.11983129441502749,0.0029176084995447414
-0.11935443861570412,0.0010640845696651274
-0.11341097917994418,-0.004250393991560097
-0.115748179721376,0.00773486607812231
-0.12470779590431455,0.014628253086827336
-0.12704994615119675,0.00578768641018129
-0.12252163316566479,-0.015960204697220932
-0.12851598284674048,-0.020490120235751256
-0.14427517965990166,-0.010966138128042632
-0.15057942502290514,0.012477589826194227
-0.14636699826202387,0.026641860883955044
-0.13271390136274414,0.021398144170238956
-0.11781913304480557,0.013818668262547254
-0.11213877780556085,0.014410683272292127
-0.11295051635683889,0.0373896013466176
-0.11552051256782583,0.05671814702535949
-0.10708811645158874,0.05341878599406126
-0.09446412411535193,0.056818507958065576
-0.09708007569038697,0.07656952109434258
-0.10257897603683677,0.09253916149196395
-0.10561746142748142,0.10021580099220295
-0.10506237872805839,0.10575240478644998
-0.0947902507218625,0.11343974967808765
-0.07165385067679735,0.13093970001478628
-0.06135904250153123,0.15077003844782588
-0.055697115501594424,0.16767037927095263
-0.056928225027793,0.17358842512785358
-0.049250985136975206,0.1884904199468174
-0.03857596261551478,0.20324729340995962
-0.03358921105442615,0.22326791332969811
-0.01705456426566983,0.25534781847737686
0.007930454620811,0.2774157394794463
0.005389902260735064,0.26335233979921535
0.00956198953927338,0.22822583406841598
0.03033952875314254,0.20775087135745154
0.039075216760413936,0.19543931225430192
0.03180527116852059,0.19210593763075678
0.017449536097851194,0.19121393336309284
-0.007412308705028028,0.17249142571362874
-0.015231277763038446,0.14556315180543603
-0.024904620370725987,0.12498231757624081
-0.029801862407556945,0.11036206266751394
-0.03890744932525719,0.1027936732496983
-0.051090410587780105,0.0847648015109465
-0.05483171921869898,0.065070642761247
-0.04449256591737079,0.04536541535472757
-0.03686860769847929,0.028089487847965625
-0.03442217754095387,0.01457570037634246
-0.028837600744047755,-0.003700368803500031
-0.029686148511361435,-0.008095120804041851
-0.029181402070552195,-0.011912272181209238
-0.031057185907525143,-0.01602259145282245
-0.016756183782470437,-0.006243925896550383
-0.008770627503572475,-0.0027712942145679317
0.006244824978258538,0.026077244159991457
0.015694756475461813,0.05392451981243348
0.007429664673860144,0.07248052800202162
-0.016333834107845592,0.06834785430255055
-0.031672718452435716,0.057985467142183146
-0.036298887853126745,0.04428467212054939
-0.04119326028932424,0.024931846543813023
-0.0380557371331263,0.012424877883819284
-0.035705140128377416,0.027145935125949497
-0.03698199091594525,0.04196573644857929
-0.03846630119305098,0.031450230402165213
-0.017897412805180216,0.013151570194974638
-0.0074366441640168895,0.034528096422830334
-0.006336328334243266,0.042841607339762625
0.006475740039620709,0.024039525578428724
0.0072355041414409235,0.03644930432296648
-0.002232261082561174,0.06257926861201446
-0.01517368865060365,0.09520068326425415
-0.01941888375853702,0.12034959100533368
-0.008037818312073468,0.1360143158911412
0.004437888974851884,0.14025253824912126
-0.004334417909426429,0.1419847061235386
-0.03361618078575364,0.14124741053638262
-0.07291021341567189,0.1413550774647803
-0.07594070585118075,0.1833339534692925
-0.06179983145602992,0.21922395636012265
-0.05733533321387785,0.21967291223017352
-0.044380946225980586,0.232577992572307
-0.04627004737199604,0.26197015929238915
0.005430971987816068,0.2332344258847348
0.06046901060006794,0.19643853136856937
0.10144055541109233,0.1461254312817275
0.10070323394975572,0.10984194371707101
0.07194478652571337,0.09158301861670401
0.04438777035043197,0.10151216683495459
0.020797882151063138,0.09119235972892639
0.007784398131824221,0.06622195153228944
-0.01095815538855176,0.048586691626153096
-0.02504255473635086,0.030414224675829944
-0.03356912809662458,0.009635213183389973
-0.04589992234820314,-0.0034175625652534073
-0.052883199565959056,-0.02044514304901618
-0.04081104273744979,-0.03673188448170192
-0.035175374057382205,-0.04233942868386498
-0.03422917234305474,-0.04132931350821823
-0.03389617299551244,-0.04590136580076482
-0.02691023348592602,-0.05167696751118529
-0.015621777374377482,-0.055621088498796024
-0.0050906260688026745,-0.05468555831387127
0.0008641476920982769,-0.053633147300417024
0.003119145305803156,-0.04865952585377232
0.004719625381938085,-0.045979362518946215
0.0064519672317650545,-0.037598095671426475
0.008756541879229404,-0.03510287889374445
0.01152098095395632,-0.0317254813633903
0.01858923293400935,-0.034558813591590236
0.008915195299687335,0.017729694453152065
-0.005153908337522281,0.06263876710195501
-0.019899687247512267,0.07012913604294263
-0.04355712522233399,0.045970496905393586
-0.0761245120419989,0.039682244420835615
-0.11120740094667181,0.05682922263539081
-0.1426233603732822,0.08442751252632051
-0.12760284397522037,0.08825157359879629
-0.10582131702839624,0.08427007652406823
-0.128628386803739,0.09383969591519227
-0.16040611211535546,0.08080051723354773
-0.17601823941261868,0.038797157090030746
-0.1681645497745533,-0.02287187922309969
-0.16699532241292403,0.0002094221903309601
-0.1877229715099018,0.05560460889957059
-0.17390576423900728,0.059576424318814755
-0.1527636240798383,0.03833395782509431
-0.14461436649601225,0.05619452797082409
-0.15219557240634432,0.10753571883154293
-0.1508155478421439,0.14518671829517338
-0.13310562381940402,0.1703867492131403
-0.10888554373759193,0.18433832654275115
-0.09998087391858404,0.19617677040216414
-0.11621711187872855,0.20750155243363844
-0.15357731404938224,0.22269922119152075
-0.14394031725544962,0.2611243590600412
-0.12872390986701,0.2824420247159161
-0.12120855354774203,0.2856035946382481
-0.10510559570685435,0.27909808344056924
-0.051089356083572034,0.29346394047305446
-0.021158759572408294,0.2908412172768411
-0.008920119155922623,0.2540191158655918
-0.007680395136821401,0.2154163933026157
-0.0021124382572612344,0.18025332674901132
0.0030207159694346543,0.15357701489625517
0.017658820526313946,0.12807714223281974
0.012386293564839175,0.1125847899969172
-0.007368313030047565,0.09787565420307039
-0.023031297809531392,0.08104178715765024
-0.036690425466314416,0.060980251682416955
-0.03725854031714124,0.04903452968507401
-0.039346862195256585,0.028114004171051858
-0.04418130012450304,-0.007884921259806728
-0.05402408795180061,-0.03146426285225236
-0.061114025798895445,-0.04289172688746351
-0.04635763460539395,-0.06328039083344592
-0.03651226055370283,-0.07894048288639977
-0.028296575734851385,-0.09120752240190516
-0.02534022481026638,-0.09539750596564138
-0.024285707729165187,-0.09443124033584167
-0.03075404228997935,-0.08519131260773104
-0.03407169086288829,-0.07160316449949526
-0.03372112340689189,-0.0625159534118431
-0.031122477749740342,-0.06019935185788049
-0.026902215917738417,-0.063928814852454
-0.026527989991167653,-0.06635464897365055
-0.028608445368737374,-0.05891263070216583
-0.024239867867262795,-0.04946297760852051
-0.0215670371638824,-0.04997029661131496
-0.02777478857069674,-0.041026983609696845
-0.04908777653788916,-0.031052637440941295
-0.06930779137053918,-0.027699744840206167
-0.089343744853551,-0.01557129035831357
-0.10902610442113157,-0.012195870680528308
-0.12002707924117376,-0.006399745376486694
-0.1497569416788868,0.018805233059887093
-0.16577938604192996,0.05045068873240402
-0.18390686393340225,0.05907585025161752
-0.22206285213565363,0.05326070340097106
-0.27156870451684084,0.037273459021522806
-0.319029743324097,0.019332520430433115
-0.3610641207159151,0.014752428496199288
-0.3980890228517246,0.011390072895571535
-0.4337349998281712,0.005265025388809075
-0.46659003716141784,-0.006753981561626076
-0.4943635259767789,-0.02354597463362464
-0.5297687026939633,-0.03388384742117518
-0.5586115046797493,-0.0345836983486915
-0.571802133665309,-0.02625139159577591
-0.5922390167700938,-0.016867761747415444
-0.6192511840149835,-0.006366944251971041
-0.640526148013233,-0.0038819656665509033
-0.6629088373930657,-0.0007830551070103341
-0.6797258389463475,0.004709428659135313
-0.689371477193221,0.00900823646151234
-0.6979239351744891,0.013943801625513506
-0.6963555385618561,0.015129396827033282
-0.7028923971991408,0.01433870145883985
-0.7133153647603282,0.01615238340113582
-0.7175197910615574,0.01959697487157348
-0.7107374922727666,0.02053592554509833
-0.7072915414181602,0.015838580256679606
-0.7051118236000523,0.007689973347783764
-0.7072424316586847,0.0016990973651843108
-0.7073570711153216,0.0036661737268341246
-0.7031790655007741,0.005770613633411441
-0.6959829119187088,0.004899810416651836
-0.6834858728000333,0.006302928558277269
-0.6641387149368242,0.0073242670613833044
-0.623550443829938,0.0087102236328626
-0.57484838170778,0.005072449794894774
-0.5384055181625046,-0.0038503100843734414
-0.5082603615996182,-0.008253787106984546
-0.46742131324346425,-0.020199535041651798
-0.41496083741342926,-0.03773380233705495
-0.3771322505566418,-0.07808788528294167
-0.3435596754505619,-0.09699431379404036
-0.3245960409026894,-0.08176475093099515
-0.3031911486025619,-0.058780055796807694
-0.273199527482037,-0.04588353316367747
-0.2370904049408905,-0.03746793896605893
-0.20445424202015033,-0.03979031338747719
-0.17413916347240915,-0.049537412028865274
-0.14807836993102477,-0.06886082849764988
-0.13504944850175132,-0.08417632437178997
-0.12378725551869234,-0.07742830110936312
-0.10160485109926104,-0.05838518887225583
-0.0685181565705996,-0.047882924910171425
-0.056693011422282225,-0.05214307880733511
-0.06433915439416074,-0.0470710773377967
-0.07650217234974335,-0.022684379564969378
-0.07292010799972826,0.01051626705087384
-0.05112231210304508,0.04059324205387974
-0.027160941904929847,0.05488391462338625
-0.019408234243617064,0.06259284868725762
-0.024847077207063008,0.05560010243523157
-0.03892530285662083,0.04823412266862846
-0.03474415478168256,0.0573935688110401
-0.02750496879039064,0.06697525709980098
-0.016520676101476235,0.07596645812818553
-0.013011908022729371,0.07401760920268366
-0.013894674433734221,0.06984256905758801
-0.02130624201428967,0.06095157824912057
-0.02688891188654703,0.05928389098003342
-0.02464473632202683,0.06295617001545692
-0.013810361212984089,0.06470159177746748
-0.0039352141077514955,0.06432715771736205
-0.005762350191943591,0.05843163443662752
-0.011719206553295228,0.057838882884706955
-0.018543507981422278,0.0589941833792416
-0.018120188202710656,0.07014130665575077
-0.0075718468002751995,0.0759077065049902
0.003399427676139469,0.07067861943730518
0.0036221320862777125,0.06421837749605978
-0.006733418227834161,0.049121365717327364
0.0006929419239006191,0.052533960287404764
-0.002833254066250583,0.06114095578229613
-0.004717180492388891,0.06868357618057733
0.0031284824331208575,0.06820536335890127
0.007208235736817473,0.07263600992898793
0.006830102795387263,0.07889995996732077
0.00445573166263781,0.08487268374274826
0.0017255364669355104,0.08718577788567487
-0.008243622743400002,0.0745614215302464
-0.003298803692245742,0.05200109921803935
0.0010482640957923265,0.04456653957450585
0.0016003113822798932,0.03762412695114184
0.0003707472025981077,0.031089649680840343
-0.009127490167253999,0.029382882558250095
-0.0005251580595300081,0.027256684304811662
-0.007639234829388059,0.018118726490817506
-0.0038368507860188153,0.018658843946653007
-0.007869820940708148,0.013858372038659318
-0.0025517287574689474,0.01109609322347554
-0.005276576120610906,0.011203809786915975
-0.002983187183005649,0.010486407933008535
-0.0028276657840345075,0.007886304909283028
-0.003078726646824031,0.007766821791564546
-0.002318581783341545,0.008684024817545138
-0.0024235746782402747,0.006943544693288443
-0.0020178686465756736,0.007382930080535575
-0.003567870936129848,0.006711705423301573
-0.0038660529656697443,0.004436838845423402
-0.0040312538612756,0.004104483139879001
-0.003982460915422503,0.0043372716566200354
-0.003117427740287984,0.004364874117564297
-0.00383854482225474,0.005515968435043319
-0.003669604206457833,0.006187279091954196
-0.004077995369367154,0.005645255910910156
-0.004114390188555132,0.005913484362755372
-0.0040543491409338476,0.005702140662148911
-0.003533435308506845,0.0055166364141103815
-0.004283405477923203,0.004431718516761817
-0.005058379896425096,0.0031607997684475727
-0.006308924132562569,0.0034062817712920152
-0.00588799956034663,0.0034960114758707576
-0.0054771755697116935,0.0037454836225762206
-0.005007215211503715,0.003800076236793867
-0.005771124735717463,0.003541477036525536
-0.00443192203299686,0.0025008952162874293
-0.0041274595787895935,0.001588289269090112
-0.003876871734912362,0.0018499121129354535
-0.00285883337572686,0.0016784227122235297
-0.0024454216627342097,0.0021469116265685293
-0.00376320165937829,0.0018256426741644555
-0.003254106108385203,0.002461703589558768
-0.0020528383019030876,0.001892493136848644
-0.0016232868054048932,0.000873624001825671
-0.0013649516446973663,0.0008696121815281498
-0.0012708069089571892,0.0016695599186732756
-0.0015094365811766947,0.00042908030317320137
-0.002494068883771282,0.0006530650725082483
-0.003231206281223843,0.002257961538397995
-0.0028927256629170386,0.0024809900934879368
-0.005104742014375872,0.0010799815896951562
-0.0035870257311311745,-0.00010663786495681117
-0.0029728569778631983,0.00010570088642455056
-0.0011341482231021177,-0.0001918348194423626
