-0.004355337762533881,-0.0009391779048102976,0.0018081170088075833
-0.0034123020448001374,-0.0005479424631605681,-0.0006876485022019015
0.0003475157789845846,-0.002298438379975439,-0.00015742271232216056
6.897836021126417e-06,0.0010573496986269909,0.0008267017726909673
-0.0018533760884857256,-0.00024846332264497485,0.0018789110619741032
0.0014859452889629072,0.0004602553406953954,0.00022756122230424021
-0.0007269283540132917,0.0014711537567276161,-0.000924731870177403
-0.0010588594004597217,0.0016227885191324493,0.0007116053990126809
0.0025097134086979746,0.0007409431169620091,-0.0017567158602023033
0.003949589946602796,-0.0030096961594882174,0.0005868078005089458
0.0032609808107573524,-0.0017631108178934214,3.374573308446657e-05
-0.0013652636422752916,0.0020422394494704595,-4.921357702920532e-05
0.0006545715393633116,0.0008038607565127105,0.0017475237595160772
-0.0026608156495155585,0.0006181039525690482,0.0020170343599978696
-0.002253533111316228,-0.0012189408010848315,0.001152870333538972
0.000521331119007171,0.00031468371892941693,0.0001186551130389705
0.0027467419866180087,-0.00035986321959961094,0.0008681134464951369
-0.0005378088493650265,0.0013481359726833651,-0.003542420886142265
-0.00012590085823131525,-0.00020484538153651868,0.00031895204661795153
-0.0018732958926235919,-0.0022469738177318317,0.0018027486030631507
0.0023875479348733943,-0.0007441118500987983,0.001120727469998764
0.0021220838924667753,-0.0005186825549538432,0.0019230149165702726
-0.0033452794130812056,0.0004197224558490652,0.002043358033555999
-0.001451612059319909,0.0005604832074695014,0.0011568188845726911
0.0006416192768066189,-0.0012275839128497634,0.00011924739569402838
-0.0026627584888990626,-0.0024003845974288184,-0.0009409789441689347
-0.0013492339206925873,0.0001374671494778188,-0.0020046035116795457
-0.00024761461893044943,-0.0012910363215485159,0.001454215269318526
0.0026314001259273656,-0.0006007212256713009,0.0010684474699370703
-0.004173472594593284,-0.0014017645778208838,0.0028197635330921822
0.0020425214295779403,-0.0015219210806433213,0.0012732797095031188
0.0011657393001412964,0.0011738272935268087,-0.0007678740970975712
0.0028434032137881274,-0.0011355822999411674,-0.000169456551556511
-0.0014279002818206755,0.0012317781106321317,0.002634077929868145
-0.0011640051896308293,-0.002031480293906534,0.001245426869019513
0.0006847603072599809,0.0001928027950061615,-0.0007720520231701121
0.0009620751317936025,-0.0003781453581880993,-0.0019792644735297225
-0.0008055088775886875,-0.002272968814229569,-0.0012557557245524973
0.0025477159871286296,-0.0034617829491669543,-0.002956410645268244
-0.0023768439823507606,-2.174260328290155e-05,0.00040685358274905473
0.0032166063379454853,-0.002219508400993789,-0.0008978380161106808
-0.0022765104297282324,0.00016459857894307318,0.0007156394771226892
-0.0012912967118169627,-0.00038237599059756254,0.0009576611011076948
0.0015702571954632216,0.0022493496735648383,8.937372817427892e-05
0.00019030904849292197,0.0008349272901268675,0.0026729024718277635
0.0008879074429785436,-0.00028182668391999333,0.00034665993378228926
0.0018971378186825477,-0.0004493397800270225,-0.0009068670634556957
0.002048522375038148,0.00043012387208808824,-0.00019030549651022967
0.0020712300584914884,-0.0021517284296881404,-0.00189200249453074
-0.0006391356385840046,0.0028885374242324166,-0.00033807581117148634
0.0034772625895104986,-0.0026875570133976564,0.001704194424394735
0.002285541090662341,0.0019035725201448244,0.0011059443431985017
-0.0015115796002895434,-0.001026120515948465,0.00011161621448789997
-0.005699510170056987,0.003961969227824533,-3.753300481869031e-05
0.0018136157932583845,-0.0007173610097965088,0.0017492758453476545
0.001131403454693363,0.0003899206876226653,-0.0034102465263143875
0.0001244809873774432,0.0014606035587667067,0.0030525500501856332
-0.0009311479992511114,-0.00018797524362401745,-0.002310164779057524
-0.0010894923472453946,-0.0004352620639826261,-0.0013053907703816678
0.0025051184666801236,-0.0013769457035675827,-0.0011546746690802893
0.0003305382391754573,-0.002422788866036491,-0.0029412484869474126
0.0027181230546432515,-0.0007704841073444972,0.0004091279064971794
0.0012670795439010932,-0.0014272290100718634,0.001816274982045035
-0.003473530065366058,-0.0015257407454809682,0.0038365282764395467
0.0003383315758996965,-0.0006359268892611688,0.0005212038044740567
0.0009101108220895598,0.0013067264222341316,-0.003594457332445427
0.002805058942080367,-0.001115647430635069,0.0003111465796724772
0.0003755293104854938,-0.0005744128920342838,-7.603450041003719e-06
0.002724871715339757,-0.004111590177368827,-0.001864597187560356
-0.001445680006587931,0.0007853769290179827,-0.0012385556316570924
0.0006425090847164156,0.00242451261150717,0.0015691224513218942
0.0009557374484120677,-4.3388885712947916e-05,-0.0007234976858247549
9.813108643524889e-05,-0.005841117809482958,0.002550971759727908
-0.0009351004843924406,-0.002187824065392633,-0.0032899921391573495
0.0016236866295768998,0.00016935122928324667,0.00035681635866568887
0.002912095313203468,-0.0012862537095777017,0.0009038376333391447
0.00039158476615395896,0.0021137680157178175,-0.0017278810250533339
0.00182268941715886,-9.000057508135083e-05,-0.0012180482072810391
-0.0024855979678462263,0.003197796602423435,0.0006676079484471355
-0.0031318410755969894,0.0018817849459868221,0.002759637604868692
-0.002324186925228443,-0.0019339792686033305,0.0021688514368007616
-0.002203038802673161,0.0011120185653328073,-0.0006335383380029248
0.0005289052653036311,0.002473508856954394,-0.002863078037285808
3.41062589689834e-05,-0.0027498112984893595,0.0004208534739464201
0.0017690676410811136,-0.0008195374722124275,8.852584100087717e-06
0.0029339024649291,-0.0005299963982708876,-5.294754937686215e-05
0.005822399538099791,-0.0032003370867731517,-0.0009668081859295684
0.004446492866013068,-0.002696297573517327,-0.0020084778979436407
-0.0002828462174557675,-0.0008115104134666226,-0.0003555471216834215
0.0026261153861485676,0.0003757982770721482,-0.00010760750524438854
0.0003486877770957239,-0.0012552866524093665,0.0017387646702837997
0.0009116642522689639,-0.002404540008362759,0.00020653926355069466
0.003709882573138444,0.002850615687431224,-2.3294547459271104e-05
0.004129615321268866,-0.002693245273917835,-0.0018669508521730962
0.003287984616957263,-0.003524824418120194,-0.0003343180648178398
0.0022571493947793554,-0.0018403800566882179,-0.00010442314671455129
-0.0015158383546719912,0.0029352396801824053,0.0017392423240632753
-0.006604739599745521,0.002746992024181834,0.002920382761211113
-0.00013134985425722302,0.001814164259250582,-0.0014253992558725386
0.0017442492240971825,-0.0028487129881449315,0.0006365052911584105
0.005643951551975003,0.0009748085074015671,4.120035668188628e-05
-0.0010078180310926438,0.003357517964795873,-4.809538348959236e-05
-0.0001964022354904579,-0.003521800548844303,-0.0009660803610464779
0.0008299007503810367,0.0008738453732966613,-0.002008368724211177
-0.0026345162678628998,0.0024377828781489723,0.0005490598709076148
0.0004641836455251703,-0.002755170195310173,0.0009326741601754336
0.004547351098658042,-0.0008203413067355495,-0.000818964929496724
0.0006368731339721452,-0.0023392982065116863,0.0007274704401147828
-0.0008542891772619062,0.001051220724646554,0.0009594357455565088
0.0016358083256464801,-0.0011539732852732056,-0.0017195413082207293
-0.0007044488985107559,-0.0023893430032923347,0.0005923839833061819
-0.001960078098665508,0.0001391233885982914,3.4582160504051986e-05
0.000565349370904779,-0.003099969118742775,-4.908811291626751e-05
3.9572874809155596e-05,-0.0026812423783127703,-0.0018708198869916456
-3.929359960518794e-05,-0.0008092521341859392,0.001474282813021711
0.0026626482788261545,-0.0014330442140980796,0.001071457601492548
0.003972530177122023,-0.0024312036426160657,-0.0017027380298303234
-0.0003539406207894244,-0.002580927556893764,-0.00030968614146642385
0.0008062699925861916,0.00011038570555807698,-0.0019099095912741692
0.0009803015845925341,-0.00039050792160531193,-0.002149943108745331
0.0010064063233934854,-0.0004656419656798203,-0.0012813575198348387
0.002819503267275956,-0.00047691207229099656,-0.001151069681498265
-0.0005268946572663344,0.00042598802824849217,-0.0011315265057477788
-0.0019334449624788448,-0.00034316757320174964,0.0015851768202082912
0.0005693443413327785,0.0013506403196430444,0.001088091702570535
-0.0008644184961578111,-0.0029182415790860623,0.0019181195514560382
0.004348060777405594,-0.003558573863895428,-0.0024803293538669634
0.002416160818846605,-0.0054638049396791635,-0.0013309154566030837
-0.000587396024530737,-0.000322045901859733,0.0015552684775799954
-0.0010379295510373385,0.00044921795381318167,0.00017901483464512403
-0.002914690813075656,-0.00033968308436704625,0.0026863486377983904
-0.003196205002381404,-0.00045801824009408045,-0.0005559137578532805
0.00037993033534739466,0.001333412719609195,0.001671518732392466
-0.0017974212135867854,-0.0020162351025599747,0.0011010429893981613
0.0005897479036665875,-0.0007095010428230197,0.0010154716279490155
0.0009478232712545934,-0.003227262783455972,9.804530720047703e-05
-0.0026168278897318663,-0.0017957458114885845,-3.956864091180375e-05
0.002276018135307153,-0.0006764276491623112,0.0008443798834025208
0.0021053544225318388,0.00130065130824896,7.238154551850282e-05
-0.000634016983977952,-0.0020211493142640096,-4.3418205164099885e-05
0.0007642585381079125,0.0020035336750148713,-0.000965378784297654
-0.000835181366641541,-0.001011126342717958,-0.00019908225463652343
-0.0019796879688851257,0.0003458558876844479,-8.413777518735383e-05
0.0032761797399653305,-0.0012597780108175216,-0.0018760773363323087
-0.0004583931863629282,-0.001500623095592817,0.0014734941956206116
0.0025997833408124937,0.0002724313747532191,-0.0007378419241799472
0.00215391920335764,-0.0003662010712260406,-0.0010695423421500311
0.002087039582739412,-0.003175767787716425,-0.0020238880213767105
0.002981598256177845,0.001830340903997009,-0.0003578586401983819
0.0004020102076001155,0.000772075974691693,-0.00010795423302163259
-0.0008895186162177106,-0.0002912543812352695,0.0026433032776483766
0.0007259332932719487,-0.0013553445511554792,-0.001466961178406949
0.0009682510796953977,0.0002942231564188197,0.0015348616193094156
0.00010000813112774838,-0.0012675229205073657,0.00017595380590453708
-3.0228311157399017e-05,0.001211987017547202,-0.001837063599168525
-4.976377750017113e-05,-0.0011298583413381085,-0.0012344255933983178
-0.0018618753305139203,0.0012326367044225906,0.0015697419570607103
0.0023892610191898448,0.0024916015778178617,-0.0007234047599639325
0.003931522088176576,-0.0009379161572975094,-0.0001627861509864652
-0.001264682450662408,-0.0014523438175648151,-0.0009832839761710088
0.0006696587181052441,-0.001529507966604911,-0.00020176803341752665
5.521927688922535e-05,-0.0015410825889609254,0.001724640591057829
-3.694663929317747e-05,-0.0015428187823143275,0.0020136018847291322
-5.07715267205379e-05,-0.001543079211317338,0.0020569460787798277
0.0017563359732276852,-0.0006385276591366242,0.0011588570913562656
-0.004304732217498236,-0.0014074355428406824,0.0010241437432427312
-0.0006909393634512967,0.0020955907407283706,9.934612449453439e-05
-0.00014887043534425582,-9.272716632976785e-05,0.0017698077147446382
-6.756009612819965e-05,-0.0004209748523884887,0.001115786336750987
0.0017538176878165361,-0.0031839838548907923,0.0010176831300519394
-0.002495928727247575,-0.003598435205266138,9.837703251591563e-05
-0.0031333906895071916,0.001766940791364552,-0.0009441094986456517
0.004912305564934347,-0.002855796508327836,0.0016132893712736103
0.000691616303913591,-0.000835435253688199,0.00018771796869916627
0.000963103531291644,0.00037220955103891174,-0.000930708358218164
0.0028130078484606795,-0.003065006194376682,-0.0010984723072557637
-0.0005278689700886259,-0.0017714073231266912,0.002494725566513257
0.005303133822847132,-0.0024819581089703577,0.0021291146310474466
0.0016548311591316751,-0.0016839501103157425,0.0002650917576652417
-0.002510776706550304,0.0002449323225447802,-0.0018236929064044194
0.00048274457972205965,0.0005342646874738587,-0.0003278293729525383
-0.000877408460399419,0.0005776645422132205,-0.0037218123090594166
0.0016323404331758532,-0.0030341879457005355,-0.0015171378998819515
-0.00070496908238135,-0.0026713752023564343,-0.0011864367385053319
-0.00015097489318376378,0.0010014091752698416,0.0006723496687634916
-0.0009724663813352925,0.0006477362153826179,0.0027603488629161454
-0.0020002807210891885,0.0014992758879306997,0.0012643675089767132
-0.0039636341051146,0.0007224162222817466,0.0037537421554792983
0.001169406586468576,-0.0012032939606279268,0.002317967119392353
0.002843953306737219,-0.0005875598715332125,0.0002934196309169777
0.00038136346518402163,0.00040939085836215976,0.002703509357239168
-0.004510978093704786,0.003272705317439962,0.000351250966594
0.00018271437164888728,0.000988430636708136,-0.0018107690250651056
-1.782237507922818e-05,0.002454970667660693,-0.001230481407282805
-0.0018570841201507788,0.0017703610557724108,-0.0002388476480842961
-0.0030375639984426724,-0.00014151161907316185,-0.0009946932007356836
0.00040372648593820437,0.00047629809623116735,0.0007011111994289388
0.0027291012916576636,-0.003953983529129009,5.089124292246552e-05
0.002173316895984416,-0.0019047539233395402,-4.664175055350548e-05
-0.0006238226129600655,-0.0006927788659399545,-0.0018704529326372314
-0.00013880292277057113,0.00220278924226348,0.0014743378561748732
0.0008385406472890196,-0.0009812380076306667,0.001976056474496689
0.001889732799329119,0.0012549297544787068,0.00024213303418262804
-0.00066636022745836,0.001590354918795113,-1.7955481864481097e-05
0.0007594070515858513,-0.00016851253961975651,0.0026568030903219493
0.0018778627599736438,0.0022814291912115095,0.0021534262596187505
-0.0006681407333616813,0.0008397392177738681,0.001173329118482104
-0.0019546318738931467,0.0015280763382893871,0.0028354957803739373
0.002375347537682961,-0.0019870355597579456,0.001275639546595382
-0.0005935180167052838,-0.002514302344465046,-0.0016721107380648983
-0.0010388478498635206,-0.0016888017456399456,-0.0003050920477016101
0.004321896374349737,0.0002442045772461498,-0.0037184017102717772
-0.0003015356912052672,0.0014387461422102293,-0.0015166263100638057
0.0035279025816173093,-0.0010958444726386542,-0.0039001318496261067
0.0031977277060095295,-0.001476033064865987,-0.0006392952144357914
-0.00047016099145629837,-0.0006284707371689216,-0.00015016971915724403
-0.003734116145669667,0.004021616694641465,-0.001885982127927792
0.00029924366385415517,-0.000708413889773969,0.0023765990934124528
-3.42981248437997e-07,0.0012958533721572115,0.00030221442701999264
-0.0063774152937319875,0.0006919028449157234,-8.943272938876407e-06
-9.725120835519293e-05,-0.000303280350701665,-0.001864798160995037
0.0008447734044513263,0.001356623403018057,-0.0012385857776722946
8.148647984113767e-05,-0.0002035722669863149,-0.00024006330364271952
-3.300655885039063e-05,0.0049899420817000216,0.0008143056839928834
-5.0180514654119876e-05,0.0003414255348159798,-0.0008367202009241066
-0.00367111907414934,-0.0003558519472166265,-0.0001797834671304913
0.00030869322458220425,-0.00046044356952151745,0.0017279382760008843
0.00361943691898543,0.000428458303663914,-0.0016042659286540728
0.0023068672400835804,-0.0030565688814829317,-0.0021040965593523164
0.0012053911717171423,-0.0008655511096614633,-0.002179071153957053
0.0019447603779933374,-0.0023460796769505733,-0.0021903173431477635
0.00024648452587243934,-0.001663568345512775,-0.00038282303846403986
-0.000912847468476862,0.0011525802037963906,-0.00011169889276148129
0.000722433965433076,-0.0029479505964630603,-7.10302709060975e-05
0.0009677261805195668,0.0009599228661538477,0.0017442512554345434
-0.004423023686404454,0.0006415132690152188,0.0029211341009168033
0.00019590753274393712,-0.00031083878708674064,-0.0005206959383855184
-0.0027296152505084646,0.0004508990210291305,-0.0019415610608120334
0.00044991879812833555,-0.0021486121573469842,0.0005590810204174863
-0.0008823323276384775,0.00288900486508359,0.001838767949133081
-0.0010821699965034995,2.6284952323515085e-05,-0.0006830508611530768
-0.00020755503030208625,-0.00040312303459049623,0.0007478575503663298
0.001732818447690453,0.0004370563839035672,0.0009624938120942408
0.0011192838528581734,-0.004864460402509314,-0.0008144919817089028
0.0010272536636333313,-0.0011367348378154207,-0.0010810398507793745
-0.0007957320978127281,0.00032701461341982853,0.0015927498184535518
-0.00016458934549847052,-0.00035801358542604923,0.00018463703577615748
-6.991793265133186e-05,-0.00046076781525293087,-2.657988162545168e-05
0.0017534640123380663,0.000428409666804202,-0.0009628530357668568
0.00021779007102414868,0.0005617862891127719,0.0007058872241742628
0.002701210829420555,0.0014863833989902228,-0.0017575735864280662
-0.004163000989069306,-0.0019932895006528205,-0.001222502091487249
-0.0006696796791869572,0.00019853141399421852,-0.002046831983777293
-0.0019548627157669383,-0.003091057914933386,-0.0021704814676207994
0.002375312911401892,-0.002679905697741362,-0.003093619506728489
-0.000593523210647444,-0.002618232865162558,0.0003862722535300179
0.0016749232206386493,-0.0017043913237445726,-0.001805515832024703
0.0047289620349250635,-0.0015673150925318746,-0.0003251028117955808
-0.0029542476917124626,-0.00154675365784997,-0.0010076314752923761
0.0022254051650100635,-0.000639078826116519,0.0016037610747766016
0.0020977624769872756,0.001306253631705829,0.0010908793407557816
0.002078616073783857,-0.0029248995822766443,-0.0007952341524096718
-0.002447208969352477,-0.0017503913313116856,0.0025402112897401708
-0.002221492109291766,-0.0024788057101981066,0.0003267562564691504
-0.0021876345802826595,0.00012570398256242559,-0.0009098526150526665
0.0014358065151933671,-0.00038821018005465966,-0.001095343945780939
0.0010747320629836104,-0.00046529730444722246,-0.0011231676453901799
0.001020570895152147,-0.0022860416061684374,-0.00022275058380040233
0.0010124467199774275,0.0010592092146980412,-8.768802456193566e-05
0.002820409326763547,0.0015609968378280132,-6.742864067616566e-05
0.0003778318681879708,0.0016362649812975089,0.001744791499969033
0.0018206264824639617,-0.0010662166467755624,0.002016624521065813
0.0029416362911365273,-0.0023761795075176884,-0.002465553608425497
0.003109787762437412,-0.001668083320097842,-0.0013286990947868637
0.0013258292500702173,-0.0006572782754536999,0.0006510103153212618
0.00015364485668397136,0.002208114330836418,0.0018525573433686472
-0.0009267734188551322,0.0008287419887176043,0.0002236081645134218
-0.0010888361601859979,-0.001187345095662548,-2.073421231486203e-05
-0.002922326804447955,-0.0014897581583195709,-0.0009619761853702683
0.0058485557642244,-0.0015351201177181244,-0.00019857186479741557
0.0044504162999317596,-0.0006373337950967422,-0.0009886518332426514
0.00604987661335019,-0.0014072564632347001,-0.00020257321197827304
-0.004565291738011026,-0.0006181542469242286,0.0017245198142737171
-0.0007300232915282153,-0.001404379531008823,-0.0007001880813819815
0.0016544482085065336,-0.000617722707090347,-0.00015930364919917254
-0.0007016529160817479,0.0013094570495597547,-0.0009827616009029148
-0.00105506808476999,0.00159853401305727,0.004321263405528515
0.0007011008729891068,-0.00016728567548043294,-0.0012152671592249283
5.993560012180475e-05,0.0004724319877700767,-0.002045746743937945
-0.0009408298073394571,-0.0021453822123358424,-0.00036113744858256707
-0.0001863540019274799,-0.0007288731092893999,-0.00010844605427926038
0.0008314079854154833,0.0021973751057610628,-7.054234513376437e-05
0.004602434749641588,0.0008271311049563011,-0.0036832192548866007
0.003358907531213171,0.0006215945048355868,-0.0042251207913495265
0.012218284613760563,0.011445851413191462,-0.002497224788756635
0.007215056860424511,0.021210805498225335,-0.0004288591553053706
0.029079338110703234,0.0100112799795441,-0.012782872941723993
-0.017393503610969047,-0.012474233028474885,-0.0010671157617193078
-0.019841476786564068,-0.0375572347764257,0.007022382130999556
-0.027445397695152644,-0.010563604076558705,0.0028082631157203917
0.013929773145523844,0.023336930873949797,-0.003251398435758477
-0.0106200321904343,-0.014093747860438696,0.00217178664723785
-0.002542824975922873,-0.005234899806098323,-0.0033468699060308586
0.001382527955847335,0.008758196033489046,-0.0005563059228965041
-0.005265394036636455,-0.010853014387320814,-0.0028514931750198446
0.0009741425967402977,-0.002939608552068311,-0.0022911806463071826
0.008242207407464971,0.001865764789344226,-0.0013025431504691165
-0.003331851502362643,-0.007363925991286713,-0.0002496569095622428
-0.005067960338836785,0.011152613955304282,-0.0055192676726132026
-0.00713755789737024,0.00488418878198128,-0.0072142999036020105
0.018785130348253538,0.06545608693010205,-0.001136420422532177
-0.0053687755273690175,0.1496228928244069,0.0006798521161594647
0.07332588469562364,0.20657285391857974,0.044372642590459144
0.08422549311254138,0.16174450170736693,0.263505356046428
0.05962730649567524,0.34136591588110504,0.9567264131325739
-0.0996520075402151,0.8576926515505262,1.7662902525898048
0.25005201998177257,1.0047951393738392,2.1220137981899607
0.4182952230260599,0.6387911380554661,1.866002339176326
0.37116445416020977,0.5694170879932114,1.6385411814692676
-0.0022643608647896565,0.4558876501993204,1.8504706555096855
-0.503337266451873,0.5148438463188547,2.239573370145558
-0.39215253528451544,0.6684217743817712,2.3006525491905325
-0.262400998543016,0.6715574700275231,2.1379422089063578
-0.33972946400062587,0.37170373968603904,1.8991476817458457
-0.2635834440157443,0.23083907478251292,1.6263257611406032
-0.2702533533486354,0.4005779951350598,1.5627877076365377
-0.43860310380683465,0.5626320162841477,1.4772713878223103
-0.29560171170076777,0.455774480059492,1.3586068377160294
-0.10047010451087399,0.3972300906488289,1.2982913962231226
-0.10919316932669886,0.38935302285376067,1.2548696365710024
-0.15754034110869317,0.29047567609913455,1.0674382493169512
-0.13584551714699503,0.31906442367943655,0.9542920232749139
0.0628002796179914,0.2889782923882976,0.9843588014282288
0.20567097619913502,0.13158955850085982,0.8179011916268359
0.2316245337689624,0.12607306074836747,0.6436750984289846
0.24637265480281048,0.21208628527248546,0.6736258026742392
0.14274777082374135,0.20327809415435522,0.5795180311091305
-0.041954407064446926,0.11421157568311262,0.4269995010450958
0.01989473728891019,0.09632864482977041,0.42764107756530095
0.1531010234066834,0.17053640760691816,0.46844389178723417
0.042820917543861595,0.15181608167796187,0.4284301924774347
0.07512679495712125,-0.06357076209620545,0.308449719898038
0.13153434171138662,-0.17819653476666658,0.22079917153822876
0.18341582331802234,-0.11488183579596203,0.2248388109983495
0.15591901151430226,-0.02578065669561382,0.24172738801492857
0.2232571484497063,-0.03864860770996537,0.28768102416091146
0.26863690303473237,-0.05595684084314793,0.20682877977928577
0.12709100511137517,-0.0874999755421226,0.12052451256648633
0.008163333837505733,-0.06328454601797151,0.04968507302657186
0.15676885658815973,-0.04065582864219437,0.1747477495752595
0.1953423160983188,-0.027311024253984982,0.1446592577648797
0.08986368919150933,-0.047019478392501535,0.0786338220692035
-0.0019437166331299736,-0.009269168769376585,0.06601623486525857
-0.033806639837449165,0.030767821102276435,-0.010957424387419888
-0.11276250887365259,0.0014943355383089467,-0.09758449444740838
-0.12008293614642729,0.04866497784599024,-0.029165399468601777
-0.02710357611810231,0.10187469563523185,0.017281089439465828
-0.048435706158569014,0.081813844191152,-0.049023777163348416
-0.07696406292751162,0.007342057768577952,-0.09786690366461066
-0.057723960413042744,-0.009256253893995148,-0.15042290346635825
-0.12268224127570979,0.05247993313033161,-0.3356060642767288
-0.23193095122353805,0.0834505359807286,-0.6067184142451678
-0.4174767030070402,0.020251830168450755,-1.202803905290569
-0.7058306633355412,-0.002796834951358402,-1.8693455422942629
-1.2013790656503989,-0.17812635186025116,-2.285028913014194
-1.4792442147171398,-0.34192355310932226,-2.616949422348471
-1.253165164583926,-0.4551430137167371,-3.0991318134505095
-1.0121020558783071,-0.6005778003552749,-3.449168491390883
-0.7805510164017324,-0.604301206020432,-3.759482318793321
-0.31794699886100514,-0.7143151814704768,-4.031272456419947
-0.0006985673003567436,-0.9723429724018045,-4.195065300912179
-0.0833723513467473,-0.815655567870772,-4.183450602924768
-0.3029246701393427,-0.5117293660664559,-4.0414968526643245
-0.5212985943471209,-0.21195047255055105,-3.841999438668619
-0.5513409111286942,-0.039436361592271006,-3.569644541338911
-0.23019463669471066,0.11127426013277181,-3.2329901751337635
0.3091700092468096,0.09950640996334395,-3.552469582364238
0.4172124246339726,0.043465795446059864,-4.174806534946099
0.12676256793798207,0.25306604185247805,-3.7091200768171184
0.30843815294984356,0.4400956648568012,-3.035905166871484
0.5356040169550104,0.5866514790730323,-2.8290858282454927
0.32905779255849543,0.6448184758667137,-3.132761455568125
-0.03571807860098176,0.9032105355483675,-2.843614271549989
0.05158626752048959,0.932923438335304,-2.112753325383582
0.6264326923045638,0.7139464914701465,-1.9370890684518463
0.849252839118381,0.5110369135325138,-2.1151769092481296
0.9170503045686379,0.3458164749787253,-1.9546398277456205
1.0276294828211359,-9.625967290663451e-05,-1.1435654291381303
0.9908455131836718,-0.001326095344906184,-0.902498307964893
0.9771866021892716,-0.06483191385288768,-0.8979989113674982
0.9633780875252063,-0.12772863300442364,-0.8738046458480786
0.7957667275003932,-0.11997591916306194,-0.7073491950445561
0.3825556490048015,-0.07448807187683057,-0.31873544957849914
0.049196802271113185,-0.04866849183674139,-0.26587093145777757
0.09327039938030111,-0.16872446929549764,-0.5383643448643306
0.22923789711063594,-0.3043296460633626,-0.6136128003034977
0.2812936933487769,-0.3002464759322009,-0.39875241448658155
0.2167348134620049,-0.3086799065778383,-0.2245026298186512
0.09035879194646876,-0.3117541024077462,-0.14680349697618522
0.021649904809924243,-0.2805545602036416,-0.09715582115550639
0.13255871435461872,-0.22521755434728066,-0.1566483754057108
0.1953291572294123,-0.1825425600406422,-0.1456712649795558
0.2554017981863766,-0.14990818301524267,-0.16844864506197404
0.2951687752919808,-0.15134516077715088,-0.15648721159330695
0.1817278604757077,-0.0638154176379141,-0.1384103654754459
0.0923444739307735,-0.023548237671093618,-0.09770603266345781
0.05813138176881656,-0.023840294991788705,-0.08798202027553494
0.06747286780902167,-0.04197591592051627,-0.11547031814634379
0.048973097151366794,-0.04107789659370074,-0.1666322748865857
0.05072108463537439,-0.04637073739386541,-0.16345148099924803
0.055506235840631364,-0.06254270399491992,-0.13945500588633708
0.013708249544455132,-0.05049504912057944,-0.12138208475490178
0.056286444892711625,-0.030596088558805065,-0.20008430207299138
0.1097118862545707,-0.037561741256381724,-0.23088603761785928
0.09963389012822627,-0.05308003902551687,-0.19208594835609355
0.06465233789762147,-0.0671674617057923,-0.04243602693837339
-0.10161202467951666,-0.05390253462680381,0.16454794704664233
-0.17811334420836383,0.053924306569190804,0.6297990390793541
-0.2302951198815933,0.07281210459818348,1.1636416891647487
-0.26887846719463737,0.07202691183640775,1.7213419322060133
-0.3506515810802119,0.24649512191265624,2.56394849593185
-0.31135588302077166,0.4083539459037683,3.357022764874195
-0.2765146285828583,0.28699368024091754,4.015119912668121
-0.5064820007152744,0.2642666873088341,4.5064268124117355
-1.0574983485744318,0.7068208123188859,4.626256968816367
-1.235132815489078,0.8844685769037272,4.611666230081941
-0.8999417389138089,1.0648961464017515,4.887186938546844
-0.6226108326781961,1.124525544021577,5.218888632723083
-0.5855341498255099,1.276395271076475,5.336488183089356
-0.6098241377431354,1.2394727494436526,5.3297041689979565
-0.5962804142166871,1.0068821264494068,5.194807155637633
-0.47936584738826193,0.8471600279189693,4.792835363457433
-0.3207125261851363,0.5219730378345255,4.025149732503032
0.019692187781240378,0.07246134619855282,3.1537591324398178
0.34936680476779575,-0.20663961181513577,2.438685004151203
0.6403436919296003,-0.2394588493518774,2.0491916125501874
0.7346472995296162,0.05232398723983356,1.7809025807748047
0.4647513870788327,0.4913975121527094,1.6719103391521286
0.2659636423182612,0.6097247966484485,1.6989818525022231
0.24066843368683133,0.3325773483336494,1.4416158913272306
0.12651409717531464,-0.12148809005178184,1.1298246309585698
-0.055244545510084904,-0.29453041732721175,0.8569082877704792
-0.35931307057143136,-0.16489718037516576,0.5889185915429431
-0.53427980749459,0.13225712444270887,0.5803808086874035
-0.4076490038392969,0.24829292887135207,0.4723584485083951
-0.3533753492462875,0.17071628479987627,0.27523697117531076
-0.2647257361860624,-0.0010327509368613687,0.190488721966947
-0.03884949934220475,-0.03945937492880834,0.05203838888786047
-0.002254291966032614,0.09770194888432374,0.08192791345174275
-0.09626997867803497,0.20421225602675425,0.13073628234635218
-0.09318510997074317,0.1324435122945958,0.10096932240276583
0.041157031581963044,-0.025770069759807918,-0.01295118618904312
0.07035425898018063,-0.10106377221024489,-0.07255502145477924
0.08558893048828725,-0.1132624181943416,-0.03355229406848789
0.05892723148550596,-0.1340886180391106,-0.019560569411763703
0.026885667522622635,-0.05308562067842756,0.023244767030647366
0.05916764820596792,-0.005656137029609661,-0.002899694698112924
0.05405944852662689,-0.04015288284272058,0.011270448373196334
-0.019074030747767486,-0.049850347797343056,-0.08429981675147312
-0.07436899284895372,-0.018739705345414467,-0.05250123507708411
-0.052811746818603233,-0.011359337128031681,-0.028735044878771293
-0.11199491245470106,-0.04372213470707738,-0.18256888362544713
-0.1425825620968637,-0.050385735576996576,-0.13870425381414225
-0.12455594412990896,0.0960629947870955,-0.044379269538923516
-0.1878870664416408,0.10355685447721066,-0.2075302827377491
-0.3023192463060158,0.066688127536419,-0.29894264034087914
-0.31586571081954734,0.08286799329204822,-0.2692341443878527
-0.21567894082855538,0.06448938897517581,-0.19964734560465486
-0.06496233285023181,-0.0730514035354987,-0.3610815429280966
0.012825185954917794,-0.23027570550830578,-0.6385820451553392
-0.05872902294517697,-0.2701419819017879,-0.6476418582943037
-0.1553982628506519,-0.17842613677544433,-0.42918531044807506
-0.131001252325633,-0.08416019513521909,-0.2344951079120622
-0.06492494820622978,-0.010317323198128392,-0.09854988478098278
-0.047776777656069976,0.03422896040408833,0.037629497604668286
-0.024398967893329206,0.0626210777411688,0.10419052640560537
0.028860187480296007,0.008081505267205132,0.014669712907317767
0.08750613531208505,-0.09055849225700593,-0.006899724666205862
0.13610501461422467,-0.0818351358558273,-0.011944321535296737
0.11987549047973531,-0.0036364299905014674,0.012627526197212262
0.0839712090479088,0.03342191315217004,0.07058874034895853
0.08310851991579064,0.005510811811917648,0.046717660276598516
0.09383420394434693,-0.04300079359914732,0.03409109210043286
0.0963476471651615,-0.07379689044061735,0.04124301303931967
0.08767875748297206,-0.08384384866602486,0.06131220412730716
0.12527582054148376,-0.08896925486596063,0.06070422032438062
0.1598622797292578,-0.08250134086370167,0.02442939809269503
0.10534726791636699,-0.028160307388024088,0.03979375893815899
0.0519404853178751,-0.0064402931187049674,0.0755682658766317
0.015887158815635193,-0.055648546737114675,0.048369179722280664
0.02676179093786018,-0.061220603546813815,0.012628645220537214
0.06457661041744053,-0.035823284188864886,0.03530987415774181
0.03316061806159981,-0.004875967789237592,0.020620246167699207
-0.007735405453022904,-0.054509307321163415,-0.13536360284110527
-0.06995442720514856,-0.18045567901653492,-0.4210924589864639
-0.12089844882840102,-0.21653485648493281,-0.8891093771779153
-0.015466225005493224,-0.19209524275966405,-1.6169492931247902
-0.4293319342843607,0.1363187306338146,-2.612624084717364
-1.0305477981287652,0.45153046790299894,-3.634905248408824
-1.449096571506239,0.3468410049161409,-4.261348315408343
-1.4141831009274939,-0.26046467774326987,-4.549801758012471
-0.7757326487688667,-0.8997424437600678,-4.276463058617182
0.08622317125682444,-1.420791698432235,-3.7885944891414933
0.4570422388744992,-1.4781435024528433,-3.380715675603609
0.28289908241823447,-1.319397008997669,-3.032778628132547
0.10571097598909018,-1.1508505363344064,-2.8259030755850585
0.11712556591902748,-0.9310815828807166,-2.5207807858939923
0.16316269461854518,-0.7208164790225546,-2.617937759852256
0.22615288214840507,-0.5002172745888168,-2.579140459570657
0.2166050073307296,-0.28620927061752305,-2.4322047283495554
-0.05258599638514663,-0.07318994671559595,-2.493386705387257
-0.25579095791813783,0.1297305783940834,-2.301744885072994
-0.22295035899090493,0.19635228182178188,-1.9808158428862879
-0.18003146325751107,0.20363176548634315,-1.9462453458062494
-0.06594734553029333,0.17396760707396774,-2.2142461374366555
-0.04612095602161717,0.1812776613270166,-2.3322410492028967
-0.09742243458718566,0.13171709493922865,-2.2052057873228463
-0.10330847513895859,0.12880596306371628,-2.306461050039484
-0.042679219297605306,0.23420639541653576,-2.2917978491014512
0.003503384356375457,0.22197415115699257,-1.8155928858984154
0.15968822663211485,0.25451375794624537,-1.5098731717363882
0.19035267790572508,0.2440166584836035,-1.715491406007748
0.23023137964148205,0.22977782493277088,-1.9010191365752815
0.2135984194885665,0.2864403899746717,-1.2178400715669153
0.37483437705777,0.28408468733258285,-0.9054981887804303
0.3800233677459961,0.27287624453789555,-0.9219682495196392
0.31295742010939265,0.0984181703612399,-0.8366934688269974
0.22962568802487773,0.12109735252742448,-0.5642847447786568
0.18908361909973434,0.0837926521084497,-0.268328882309617
0.2626062830157054,-0.003216208442201376,-0.005929164355250156
0.3396697976098761,-0.08863478684729226,0.36270177775524903
0.44259297706864936,-0.15391382936686349,0.4795085809959431
0.538540018858739,-0.1989847197895146,0.7295093899305567
0.6452003180134314,-0.13609187588001256,1.2482517192653286
0.8846332451698331,0.15919268553026097,1.9628948627034846
0.9395445871904479,0.586127200534485,2.9475442322544385
0.48915384591223926,1.0011485369992106,3.9518889515420947
-0.4413842134502237,1.313973338248052,4.37210866316153
-0.6261944531811514,1.526437141260582,4.105870635487102
-0.2106665870405196,1.5583067117124614,3.7972715182261814
0.23882737675591387,1.720485914556666,3.572777299180404
0.35509936461806185,1.699583264156738,3.379895217814053
0.14006037434887458,1.4359257690357736,2.961988940500699
-0.18256906209800752,0.9467956083516397,2.4108240659768665
-0.13055391913008052,0.42927209153221746,1.991641625448698
0.37296401017418707,0.3018910801000901,2.0237462741052448
0.6493108164397459,0.6889451152077642,2.2158122290256785
0.5650247416817478,1.0247125397489831,2.3233215059019545
0.2972872766062595,0.6879128695548271,2.105158927751824
0.029169821479082553,0.23123173220321055,1.7033615694845894
0.005234834307566989,0.14373315865331357,1.444986620724179
0.18708566262072854,0.41284064497855255,1.5753888237014455
0.01263957938125291,0.6332203006170403,2.03367560316565
-0.28580910868054926,0.38675874845468344,2.3457534959321644
-0.4291767890917165,0.05127461217504535,2.2378801844203124
-0.3294667985382155,-0.15282841307719847,2.038971883154239
-0.25571190988066456,-0.205154041661783,1.9602877446716453
-0.403856625091517,-0.2871793165050262,1.7748037255252727
-0.6458938521902181,-0.06157577558381627,1.4258514537847529
-0.6686305770070557,0.021112648847048155,1.231487886228282
-0.5707269366780908,-0.18991796977152,1.0811182084796354
-0.4610593758929738,-0.41063200141931877,0.7329101348661187
-0.4247082482115206,-0.4509758310987379,0.39301910776718074
-0.36407555145090154,-0.42084378088940416,0.25700393574841046
-0.28170880699778433,-0.32948327417101225,0.24202920364478187
-0.2621170703975674,-0.1737584713678605,0.21264527533330263
-0.24560945065956735,-0.1585410664961682,0.09968681210284092
-0.1011125809034744,-0.24852669865159324,0.03660892117518223
0.059868904505739,-0.31268161800065225,-0.08049904583117523
0.10391712088080665,-0.27888450630951517,-0.19757020870055705
0.040870875864167065,-0.248486402292972,-0.25312368902527327
-0.010197229248762481,-0.13356663147368836,-0.14114615907533573
-0.04951811659429269,-0.034010919746459756,-0.0845475424554738
-0.10969168668799215,-0.08420808737761938,-0.17465812716439152
-0.1304774002169522,-0.16681868369438005,-0.296725588854469
-0.09741163258504958,-0.1357899235483982,-0.3195586611906365
-0.04089010229798779,-0.03343982294113507,-0.3112239440261564
-0.02246137597308571,0.02081008866079451,-0.24574780267777172
-0.029647563806193208,-0.04703803638753394,-0.17079585708527012
-0.08228715712343572,-0.13139168570033874,-0.22558818025316996
-0.09651523043674026,-0.19922476070566053,-0.30707886866737927
-0.10498157574945413,-0.06828358577759705,-0.2197975041110825
-0.025742962675087508,0.03819828964860435,-0.17594921846557837
-0.023807667495775325,0.07588074575928253,-0.1793224724005956
-0.10312134747362103,0.051681623830355794,-0.15540451384450665
-0.12044594316948488,0.027246171360799983,-0.15905354499334265
-0.11490331697508396,0.05433693445242623,-0.22111306158978727
-0.07426993591855258,0.11629434837416475,-0.2657010231239694
-0.04827393519638723,0.14458436340958,-0.26515249242184746
0.008091720670745163,0.12078555655242615,-0.24426462863631235
0.01473738781775269,0.12807082292222705,-0.29812065790994546
-0.08286613931209318,0.14725542520832052,-0.29534397490261644
-0.13640406489241017,0.13204130322061122,-0.2786448413539561
-0.1010144041359618,0.04472766696852529,-0.34217508632843213
-0.120129901668836,0.047008662011742204,-0.3245669045786686
-0.14923035417817093,0.0826298453129402,-0.3409220802633586
-0.09117866951392077,0.12234746623630416,-0.3497074909317802
-0.0417643390703808,0.20609990239648898,-0.3003682280062982
-0.04158891443609913,0.19062045870805058,-0.24773780774091764
-0.04699014444014387,0.037231909194080225,-0.33482525943688285
-0.10569412839874516,0.05945315759354292,-0.49081369460320173
-0.06746101393291476,0.21294838719763579,-0.3559086019851957
0.056775324002542454,0.2251175842398757,-0.2850157635667495
0.11973571490288813,0.09215896193306808,-0.41278420213325084
0.04143448373441695,-0.02819438984791241,-0.4337586491512884
0.04506733954017609,-0.049865755081184154,-0.5083674749099562
0.09355557058719172,0.051816051651440265,-0.5258909330894744
0.030270737154813168,0.17019165294588676,-0.308703931999329
-0.13390698328687287,0.15266895909533829,-0.12415465825857144
-0.20376317217968404,0.08129166816138747,-0.23577922214325725
-0.12559172009355152,0.08144016191966882,-0.3077029343343612
-0.028834484326702117,0.07603489228422403,-0.29497213513321646
0.01191222891772909,0.05260933642562818,-0.39075830183841065
-0.008208891975010025,0.0490955030468388,-0.4223134485582819
-0.031128053672606522,0.04314088434083341,-0.40262277391992113
-0.07255873382155494,0.07752672557964804,-0.40057376334069816
-0.12038450420433079,0.1432921730730583,-0.3242807999651969
-0.12032164482949786,0.1603937151293192,-0.2594660090835329
-0.0687505507809965,0.0797366097168911,-0.2750723277141559
-0.04473225557616032,-0.003824614800935166,-0.329879531267557
-0.019419336498686927,0.06414976639266458,-0.32995929625178666
0.04769894452011565,0.15033153536032245,-0.2259433400983371
0.06771718345477885,0.1560220757732218,-0.12530942872139014
0.029108750934544736,0.07546250134735184,-0.16448977900671802
0.06402406380041206,0.0253857592891624,-0.23640194655629226
0.18685814087934366,0.13908939059561012,-0.23904745613994788
0.30388362964308036,0.318971246267187,-0.2204478796303418
0.34405221837092,0.47440539216534905,-0.19142481527449706
0.20715218926817186,0.6469779657777156,-0.14274641541109326
0.06359286105452117,0.8501636126596791,-0.06850494980827646
-0.07644240894310908,0.8562175130456321,-0.0030932929759840185
0.01200776515751737,0.5920805474598936,-0.029465169112386766
0.12839862155716417,0.4556688066531981,-0.14016264328352465
0.10967362535586458,0.3854545616229797,-0.176668257972881
0.08786847297851519,0.3848729216502898,-0.1342007975001327
0.15877413067746834,0.5168559056679364,-0.23999991487908495
0.09794732062634924,0.7944616789819655,-0.2603927355685836
0.028215727811093303,1.0405400243151133,-0.294207739634068
-0.004858776524474219,1.0675012793332426,-0.426827267174785
0.00013054460703347233,1.302216074801409,-0.38158967191564863
0.10038391059518781,1.529196504826241,-0.17579409698992182
-0.04107226116648065,1.8689951977175,0.028756637622920928
-0.19255173571121872,2.1560631525658227,0.10195500679181209
-0.27678581881704867,2.1909820302442906,0.15092756806145474
-0.18267923853224566,1.9655492546806137,0.1998846206123347
-0.10886027079846829,1.6938270061983656,0.18370882246515643
-0.1710592655774261,1.4015924775303645,0.16138145917939406
-0.1740569804785516,1.05924239477488,0.13270381742365706
-0.13380005996981797,0.8993390083778174,0.037943109507179995
-0.1259523406604456,0.9052049907637864,-0.0015995339431641963
-0.06869056453910749,0.8409543637314378,0.036794009749311275
0.014075132434648776,0.6033599343107319,0.0841642096636162
0.0346313025294927,0.34519147823095936,0.06232283992176464
0.05399735914128027,0.20515206076750298,0.020149237949646813
0.010768146189958973,0.1461533422536756,0.039151734916701764
-0.0038575513015197092,0.13006680954435215,0.07185359980728846
0.012040406405381792,0.0399085398344306,0.05957165782678432
0.023471006226728673,-0.10659002125213891,0.04416050728174122
-0.012807209694378242,-0.3863731311265065,0.05089474086529641
-0.11323095681831662,-0.4554783161035965,-0.0014659704725090645
-0.09844302854137893,-0.25507448019839857,-0.0029879428574617287
-0.07994220820227729,-0.08932531233294408,0.0890520041709742
-0.03465132617444729,0.0006675872371180065,0.09381209005992797
0.0019937964752556646,0.06301441546531025,0.05020116273324393
-0.020551744239755,0.09407661449628704,0.04818247671689714
-0.013983078565163794,0.11140021298236989,0.06144853306241261
-0.006665644398256958,0.13480433693549915,0.0851486163109879
0.003477876892090722,0.15821594909215414,0.09141740064786769
0.013140720634423357,0.17801032201321337,0.06793377165205819
0.026349825210678406,0.16017389377115546,0.05717450237043745
0.042804640761615304,0.13126530165544298,0.045610115196351525
0.04255909124466235,0.10160047557521347,0.03754332280452047
0.04614062128324407,0.04197072405477796,0.011004766682873184
0.05120080387168715,-0.010394088266783301,-0.004735694750279052
0.05467360310954711,-0.03543603182910963,-0.0025738108825960632
0.049766979296039106,-0.05637954507755073,0.016746874644710856
0.05807689188932456,-0.08575419994422068,0.02597711178952505
0.022235163500539598,-0.019602330084790284,0.028266237977778347
0.017763494858753028,-0.01601168392159388,0.04308305677051498
0.008046838397173382,-0.05165671165836104,0.05073312328861247
0.005684749311405273,-0.08775954678093573,0.055498995732451754
-0.01637973884820792,-0.08051070341788562,0.06978273584699514
-0.02330777453827454,-0.04323975225218149,0.0936354716609246
0.006409101070275073,-0.015034344164046736,0.08816747586770236
0.02534008227605616,-0.010803532950826521,0.053877423687065905
0.01280168897589351,0.0024953573625928244,0.0632073657244691
-0.002647929267098362,0.014440687691448545,0.06912981011273539
0.007698896627889173,-0.007286868789033395,0.052830955056883205
0.01467846421132429,0.004832038219924124,0.051290717415036546
-0.0023664129817837446,0.036501364616796206,0.04744131930263488
-0.015778231959123937,0.047583897892045174,0.04234095650311881
-0.014171642339600301,0.04020037171802087,0.03524376776747324
-0.01664442574626524,0.0345698897092614,0.036892961306719894
0.012836147088263462,0.0002554645962943615,0.03080820602188874
0.008212326848131113,-0.0021779273210571996,0.026277130263039405
-0.004240924202793888,0.022785601154212694,0.014742381500838024
-0.004299730627370305,0.042812761523064145,0.030199390900599955
0.0029281733411925534,0.035866338796549053,0.016235311213003267
0.006726130786070476,0.011305019357761494,0.004190202478020948
0.0091050056358645,-0.012280172121742275,0.01052475171655409
0.015793971179051763,-0.02124549454285483,0.008761162252740566
-0.0049128587862181175,-0.006307661808460744,0.008496623833168536
-0.009828064514070933,-0.0031623962817704655,-0.00692109741079708
-0.0006148485914060348,0.005450709096013564,0.009762647349762552
0.006194677496180688,0.004028903053087673,0.017692752763033483
0.013548240725036851,-0.013371589567443349,0.009836362409712475
0.01193750335977178,-0.02412297900930349,0.01860840063855714
0.0071729396723261936,-0.014880600027208531,0.01901961575635267
0.029977611149019652,-0.017112605646018946,0.014558344941366173
0.02887535878786785,-0.019256587721902838,0.01931669801830519
0.027805430317163912,-0.043097541063095726,0.014602907280659052
0.04030920967799464,-0.04848286529733699,0.0012315700385758192
0.02590214548455827,-0.016725401737351226,0.016413091166355472
0.02916862955472981,-0.017389325902540352,0.01869031933552242
0.0332769646313802,-0.05367253918856534,0.01269976924517931
0.0456528929077829,-0.07720683351209238,-0.006290625598995464
0.03032206043515117,-0.08797370259287077,0.0017159025727523018
0.020785710632007084,-0.10044382035336151,0.012867378580357285
0.02206903001112897,-0.0977913849347793,-0.0026471217325941066
0.009597259286560939,-0.070255801126057,0.007689971851899497
-0.02122040605112156,-0.06612546355474866,0.024618576370603346
-0.04483945879892841,-0.11797216867785998,0.016302779650034942
-0.05923740410947341,-0.16464657095716678,0.0023911415105133662
-0.06953841145483566,-0.17255232191559397,-0.0051231479096018615
-0.07651110625582697,-0.1674060502436399,0.01545988347412882
-0.12730949438518974,-0.19739019045490638,0.03302078804618706
-0.16387615233359146,-0.2995835980719623,0.007612614619529681
-0.10423062663560784,-0.4379369330627591,-0.029668464206122045
-0.06905066990150649,-0.6332759223018934,-0.06239834452590476
-0.13161797263122868,-0.7756505977541595,-0.10891899493430576
-0.16814078653662198,-0.9010347199730833,-0.17288630133702934
-0.25593695472676703,-1.1631772141528052,-0.19876402839499885
-0.28267523920325627,-1.4223141080968367,-0.18274469389000866
-0.19894069207120657,-1.512746307330718,-0.14868112213566934
-0.11491785129543707,-1.585109527290326,-0.0042646314267189706
-0.050752760036795234,-1.661094534674511,0.16394152205767235
-0.0845483459414949,-1.625453573722518,0.036296630886564124
-0.19364560472828385,-1.7702694719238925,0.045192206323364015
-0.21905609971161383,-1.7910872660375676,0.150554463539968
-0.03199905387103747,-1.904569990371421,0.217920467264735
0.03586149013242025,-2.1522630062369466,0.3320532887245341
-0.045323080536708776,-2.128809387309187,0.3229400840641002
-0.10453947819669873,-2.0637791825459035,0.3107180159666611
-0.19573968395003327,-1.9662793620278882,0.11892067628050051
-0.23746202392549956,-2.0041206447089936,0.0675363099142973
-0.15959344758442112,-2.2576546660406986,0.06977915174120962
-0.1026836303067011,-2.5055497922756853,0.018553912872970056
0.027067984900133034,-2.578013095255648,0.005442583343547131
0.0818097612258736,-2.4387205483584693,0.055037549056410104
0.01403541588611681,-2.1229301253347326,0.04890793466537206
0.031006982581088246,-2.0846074680464834,-0.013523669417402864
-0.03610075988756576,-1.9214603021768237,0.10646804813413752
-0.07782759283645464,-1.7459215943356698,0.16426879289423985
-0.01895609338854408,-1.649937310686597,0.12499560193210345
-0.024598818335856143,-1.5595540563506185,-0.007538063026580149
0.0007879008014508439,-1.4682017751785412,-0.07988436852919027
0.0064050899051092194,-1.2392063662683124,-0.05907564277599101
0.04614506478149808,-1.0203205691594204,-0.09485173042385123
0.13713757896688597,-0.7857639921066366,-0.12645127145043403
0.14264514054591365,-0.6375066784823235,-0.11490857150686051
0.1543263621811418,-0.5564696913641507,-0.099608307267357
0.1434142767949897,-0.49637084062027303,-0.13621066414227156
0.1309223765886929,-0.3797097296414827,-0.12360920534288546
0.13266695402387302,-0.3151718509350436,-0.09005831494438675
0.17363521838305251,-0.31363248467785815,-0.09768995001604826
0.20782276714939554,-0.25098482719862997,-0.05360516445023923
0.212950899464347,-0.2108315976146861,-0.04427867476577437
0.14406664183869,-0.17224335098197255,-0.02026493589982551
0.1319248219617791,-0.18545151693422002,-0.03294550616749416
0.10658419295043217,-0.20461996354114922,-0.02942004800845746
0.04760307099032905,-0.09170763161619949,0.022670435857674465
0.027900815297939596,-0.0702478287448012,0.033197780287187756
0.04122810804164215,-0.10321248297533807,0.03477688195161475
0.03870424887054171,-0.1262489934405419,0.019635706720248985
0.05913125417509345,-0.12518151692766666,-0.01520073175957783
0.03415299585831009,-0.0797918646241771,-0.023139969381145348
0.01593280724629394,-0.04222733581659405,0.006425225937679144
0.020436503886740832,-0.004931984916865801,0.0452344486636871
0.029253373931588354,-0.02828458201090385,0.017585979260935178
0.06314116663343744,-0.02002779356010441,0.00801116515133539
0.06370138245605897,0.0029208995042634724,-0.010612278679196714
0.030315562017799086,0.016313700245761474,-0.022451701419088182
0.011738829704092624,-0.026002319853040926,-0.013372527431697919
0.015284454172754808,-0.04049103841664177,-0.018342785649307535
0.02305302277530346,-0.03000007756974559,-0.002805693284388006
-0.003824001046780363,-0.018475936660868338,-0.013139398061086388
-0.00966473585315527,-0.02307944984025491,-0.032781266108214455
-0.009636255457580338,-0.009296526952664252,-0.021254096450785017
-0.015964117713962247,0.0018168176457859996,-0.009574524220327783
-0.012390343969763726,0.019766450433114514,-0.005108816536165703
-0.004617552975884615,0.049596613847148745,-0.000820597917416731
-0.01611590295823907,0.046834413427004555,-0.017364586838696523
-0.01603147422252989,0.04913385521357643,-0.017132413327294996
0.010214317967230265,0.028673187301345406,-0.009860862368335447
0.03405218035937993,0.013844409099605607,-0.008770129724491513
0.015013094304923244,0.013429273602406967,-0.018557016609757743
0.012157231396754741,-0.018293668300763614,-0.01912045902601651
-0.002744597903969177,-0.015815384653989878,-0.011968250456206003
-0.008598234765202425,0.008980304539367642,-0.007277056704609767
-0.025758911391948396,0.019031792234089427,0.008804662839159481
-0.04642482521658359,0.008779837373392548,0.01121692077072487
-0.03414667180924906,5.319212038693618e-06,-0.0037992810205701357
-0.007881002151807415,0.009544228886209599,-0.0042425300562020565
0.018673613710087963,-0.014353471925537393,0.002023116904171313
0.036225665337339744,-0.0269840332126111,-0.002464579750959672
0.0261942044499912,-0.011691395691580012,-0.00313773424922932
0.03463998209873174,-0.052817849656921295,-0.001429526190907437
0.011482902099701355,-0.05446386466906665,0.009681792416214832
-0.0055595191481206795,-0.04023731705638982,0.014062262056876664
-0.017161788500605644,-0.009156435185490992,0.011100970036851274
-0.01347458520429139,0.014502100042298306,0.007943004384253976
-0.023776592108218243,0.04518859882240166,0.013801443852082537
-0.026226483760338436,0.016321720827764043,0.008348075456538666
-0.02026183319243831,-0.0350470229310522,0.0011979358814889248
-0.01936713560725329,-0.022851340931189,0.00374377741135613
-0.004759481104976889,-0.01378526369896019,0.0041256536408362104
0.0037638013860827324,-0.00880698964800121,0.001469163225664723
-0.005812793638632312,0.009126973173734778,0.0037844615129824996
0.003605804506034419,0.0190537925292445,0.005940937489142487
-0.003122721321046059,0.015115271733383964,0.007168999502097658
0.0031047247371411906,-0.011708634265398905,-0.003501878594333051
-0.013148380068222852,-0.0021633609172488594,-0.008720872774922318
-0.0038266677741223224,0.008314336250285301,-0.012217493751604205
-0.006046773396131903,0.015313534524602417,-0.012741986898106489
-0.006379789239433341,0.021790957964936977,0.0025573796109479782
-0.007334332232459723,-0.009802690714134789,0.0012339221211814882
-0.004763741831820181,-0.020873872331713707,0.0010354034977165145
-0.0007597908055995884,-0.017107005875163558,0.007337760019914929
0.00888670801364515,-0.01020984159096288,0.0019509791825265308
-0.011376491960216104,0.0025844110665723704,0.005665915139574092
-0.0008471127083278105,-0.02082498829766997,0.005318564916600066
-0.0065044307527938935,-0.011672129570870007,-0.004684034398688856
-0.00011630352721447889,0.01955228958367844,0.003766072485860623
-0.011822353074813882,0.03147267738911003,0.0014152260524183849
0.00451355182366951,0.02421482939461312,0.00558555217005787
0.023246568656002994,0.011366474180533433,0.007115691704234966
0.010678480699823209,0.019389717680264297,-0.005319055997074785
0.015125401822114396,-0.0029261518245863706,-0.0026613150696154237
0.008555715058208752,-0.019842391498281445,-0.006785607013152344
0.007570262043622906,-0.009715558817899397,-0.0055950695716205515
-0.002528052690407786,0.0053723253321253895,0.00453400782645203
-0.00042443743438772924,0.027536501518314747,0.0006258257369759293
-0.037197110423762496,0.08785033678770655,-0.013529260824412965
-0.06713695801851018,0.14031776167161125,-0.045504014154149744
-0.1240941909165299,0.18618068129850593,-0.03763595852217396
-0.17696271606125996,0.23105292513684908,-0.02650525339553477
-0.38933047416901284,0.34090709199715336,-0.07458813153575299
-0.37233774459249286,0.3067281425004537,-0.23105801498442802
-0.08031983786604197,0.21928355397161275,-0.11069858947327396
-0.07541454836791443,0.19983473137656846,-0.16048897188643824
-0.0719649830936018,0.27109383854286734,-0.14534276383513375
-0.16462038180516492,0.3423902759254003,-0.11141016104884732
-0.09529635489103218,0.35308474153278024,-0.033953021308411116
-0.029717723245511203,0.19548096286440217,-0.041330853294500154
-0.06963341240789714,0.06328952208040559,-0.050578843641194
-0.11632734352615748,0.03531949041402561,-0.11981033843303546
-0.16222882970473662,0.015745945183038804,-0.06596912887809896
-0.11936156872230941,-0.24771218416258484,-0.06332049114404548
-0.13102329190556863,-0.39035423384898116,-0.0927746858294659
-0.18433421552533394,-0.21726355874774014,-0.07276886838593749
-0.18690331036911176,-0.025759874657350725,-0.03358437110816163
-0.1800519496634291,-0.006080228209103963,-0.026802105899964082
-0.16816915815920272,-0.11891588015785608,-0.008597544404642313
-0.16910051128316225,-0.19463961802469462,-0.023958672510967352
-0.2624130477544662,-0.1209666607507909,-0.002743485697105812
-0.21037481321838675,-0.07463668311498992,-0.006797932607275902
-0.1428660973469179,-0.08849277064983656,-0.03183004629014288
-0.1481178304472274,-0.07881150576515841,-0.022016004094605447
-0.10277146896918438,-0.0637904567844892,-0.03863571009589814
-0.07245015871766763,-0.05158680265554601,-0.05560211586059068
-0.11765444608915421,-0.05337461700232919,-0.08438020460469836
-0.16514166693877963,-0.06359328593618949,-0.06698674311956654
-0.158695890818256,-0.03437000531420892,0.015226250357945774
-0.16767952118202023,0.0025787489742101254,-0.011339197131267487
-0.20249691854823798,0.019880740132378134,-0.016228604871180642
-0.17153590349192405,-0.01642135770473677,-0.056764003159538876
-0.13523107965488615,-0.025485034846428667,-0.08545907831607176
-0.07098696600480474,-0.02141704271849547,-0.02553740581583895
0.07524283413891342,-0.035280293763804135,-0.03464096727142734
0.02661923607104026,-0.00841288169160314,-0.004345829911174811
-0.0666104122096014,0.011899861216787985,0.021908615489611035
-0.10411421548150795,-0.01580930830901297,0.006850379352574447
-0.14682800125007173,-0.0724319394966907,0.004591643932018959
-0.12338357876982782,-0.09087583095668518,0.016917102250371942
-0.09092001566879396,0.0004350094435568424,0.024193464697311887
-0.13128001203019712,0.0412693539995281,0.013525241049447731
-0.14095237395053228,-0.03582783103794341,0.02639845736676675
-0.035661535487905044,-0.16046623585995978,0.011142218100272465
0.019934077408860308,-0.14478755315507796,-0.02552066121788596
-0.05856727984361675,-0.06554554834419667,-0.05544403976195118
-0.08752970514558044,0.006948323685023617,-0.03641319051375068
-0.06564094106147121,-0.0509264823669619,-0.015466750795897294
-0.012605142539640738,-0.13287954321378412,-0.01322937545475045
0.017964992651912964,-0.12708069001018413,-0.030985581484201732
-0.005491796181820103,-0.05836656578980676,0.0016300216560960245
-0.06690411396487463,-0.06705585010390462,0.02280499322470166
-0.0480736525198667,-0.16334125748679165,-0.02377124494922158
0.040687025267345196,-0.1624060281131949,-0.04161276807368405
0.03229095213867901,-0.09351685685078683,-0.03343390914397944
-0.010579627191054524,-0.046095265883647846,-0.02225658352268093
-0.030579073338482032,-0.05255088648654447,0.01741282121482279
-0.03448358087712732,-0.08970285423822556,-0.00015612410436195018
-0.016977444677300807,-0.16131076440775277,-0.02631082193204996
0.0010265162337029783,-0.15848309168521438,-0.02842484537314083
0.03538778194894433,-0.09926055070230791,-0.0034134116264318342
0.024259340708669558,-0.04062468564565784,0.02114388761579132
0.0035936715754738727,-0.06891752116493811,0.02120912003600013
0.00773054613774384,-0.09848998375570277,0.010363817500657471
0.007446486705553169,-0.07036059094919553,0.015973747052605392
0.02459109950481671,-0.05980904771250129,0.005055558470492431
0.05068214745451654,-0.07450894732455812,-0.01829234461357248
0.04464530786512869,-0.07490475103330432,-0.031745026858025036
0.04373978192672051,-0.07315494035655391,-0.036476701044286415
0.044508543652490455,-0.06294197197319853,-0.03899563340528796
0.04010090482870012,-0.03155853637016677,-0.027613795244533033
0.03039385283981992,-0.023232658563587347,-0.011433069655921151
0.005418439011677594,-0.024697548742193928,0.008181260896462773
0.021573120501141876,-0.02220351041939142,-0.005159220618240614
0.02037796025843686,0.002594541975370421,-0.012587836544633114
0.004820645741001295,0.03073819648092616,0.0071034552466248055
0.02057886089400927,0.007822026160824561,0.0019158334665330123
0.003946190219805997,0.051423312672429916,-0.010621987815385906
0.005974242701331326,0.13937666113697558,-0.005265936075424422
0.010801403656215952,0.16613852265462495,-0.007176300164023693
0.02690351828047846,0.09054882762752978,-0.015604170326094072
0.013940794993088024,0.07378282967427852,-0.03676934441409026
-0.00880919768023734,0.1553948573186892,-0.010997220798292406
-0.014935468430829633,0.21738914537456488,0.00010532267632659686
-0.08822165836591171,0.2900096317401278,0.037954328858766054
-0.11459262733720381,0.3678424103182685,0.028253639305102163
-0.06065447322490307,0.376803555255396,0.009611314157960437
0.020708089830966427,0.3202539275379706,0.00952873723548268
0.07361905203324928,0.3325770675605736,0.0022796257648616935
0.04356289046928278,0.41583869405176893,0.021093252607954183
-0.037835736170461244,0.4572748377544455,0.02934284033360505
0.05669616258425465,0.4969601121215002,-0.0010803930861381086
0.15952582781751626,0.632269361440515,-0.03820914029422153
0.3187801856309607,0.8841409466703455,-0.015736143262967923
0.6891265454344138,1.2177228160605111,-0.06302226823402514
0.9726353347707855,1.623264208765784,-0.23203690733876225
1.1870338703121626,1.9437129246160194,0.22475769540663826
1.5728885817070548,1.9854480976778368,-0.030566554899708852
2.1445742586059904,1.8949171776682745,-0.15661048224918395
2.437478361326467,1.717606638074699,-0.4360391689125808
2.5845373070190916,1.5797454113023295,-0.5322289089039602
3.0091389732293545,1.301257901575092,-0.6172154379920981
3.049309867131083,1.0586656582460878,-0.6950939417455626
2.5351958967109223,0.973428928454054,-0.4941969224237585
2.2834928121573834,0.8421420482196663,-0.39169512020299463
2.2475465307074147,0.6505767990435869,-0.26143684157042213
2.1625506142351774,0.5820400245398036,-0.29345976491781267
1.7771098927535016,0.4243112378696562,-0.44571147391450117
1.3285106381897869,0.39160601370382236,-0.27496683832633506
1.0667337674510289,0.1849765225924975,-0.12633081913987168
0.8818281475786977,-0.0052258495836863365,0.009943001421024663
0.6659374563593656,-0.04551588342501907,0.05752179300109407
0.41645210470898614,0.02080786082127424,0.02937957769338904
0.25238661564706605,-0.01447310836834003,-0.0065024261813575
0.09027901857504093,-0.05142592532537296,0.013443810500303148
-0.05525226360093898,0.02625348885193931,0.023672470934801567
-0.03637537818343353,0.03971458221159849,0.05686744157856711
0.042441766417810174,0.03449702128329804,0.03380437806266583
0.08682960030311866,-0.0015646469006624728,0.01948983113690665
0.003933304349329586,-0.08838705261606142,0.03814823327825957
-0.055539852103359384,-0.13035731320236857,-0.021469758941187893
-0.027372610293484943,0.01170000882079647,0.020244616751640236
0.036555456669053125,0.0492912382218322,0.0056961889253476575
0.024434491916685876,0.053120741398925246,0.028842462014276402
0.061513743714670895,-0.041286847860283166,0.009699637564336575
0.003754288327187081,-0.03916535515160344,0.014969529445626092
0.0014225043347826675,0.019046668212693088,0.0474206848064103
0.0453976769459491,0.006972887537120767,-0.006510031963997808
0.03842509358965659,0.03682249201437571,-0.0100766863969032
0.011146078206808916,0.10643045707620784,0.021048987016751775
-0.022797264446146694,0.0870201614899542,0.006721435081645558
-0.01884285967877838,0.03345154262627091,0.011809027223628947
0.000746703983481342,0.011847390548750936,-0.0019012838195721937
0.033536628878348754,0.015843492669372263,0.005088075689259283
0.06740201734157615,0.010110773671747304,0.006136479615584005
0.0480578789647188,-0.000699630959739258,-0.0009429847277166047
0.014400177246130581,0.0049155332777870795,0.004327229936506461
0.007542340755280014,0.006662398529947196,0.012354487068389243
0.01375039021390175,0.037680509279830826,0.026222844269607977
0.015586188249226179,0.016100098012909583,0.024684735383666126
-0.007657798075285461,0.0020079489244974142,0.01993106596811902
-0.005716852324775208,0.023413482591045885,-0.008824293556679168
0.009952330018831146,0.02752890325755932,-0.024897275500304045
0.0014476199719981107,-0.009846589536772601,-0.006502638611630977
-0.004351039617682672,-0.05615949119982482,0.010730006786168627
-0.035072328901663244,-0.029636573637629553,0.0051735880470580855
-0.058676925241414796,0.032235663454694315,-0.01284709647790064
-0.07216811147422035,0.02613845853751309,-0.01555019915664445
-0.11218459530345011,-0.02271942487621585,0.00032696653910495397
-0.18422218288460968,-0.059899597733803656,-0.006337364771844286
-0.2999603325393988,-0.03743431454997569,0.0008043010802938149
-0.46748309733179055,-0.024114025290558685,-0.006265764590665957
-0.5541236739747686,-0.09448323122413936,-0.09235779239523946
-0.7588929711758223,-0.10322943088111414,-0.06999256252121006
-1.1559675654511024,-0.09187709219822403,-0.12091321503197555
-1.4253937776276246,-0.0358988044039206,-0.181017568667398
-1.7380894850299835,0.05752945671915446,-0.2298352088400826
-2.4896699314181157,0.19999556343504118,-0.14579420259633757
-3.364072297495577,0.38419179041803386,-0.23269301947820403
-3.5332254583015046,0.5203720984492226,-0.7957189368614325
-2.9280987727001717,0.7778018861850663,-0.9045967711152583
-2.1480317200632237,0.8544091602397517,-0.5681381058061776
-1.037781165216462,0.6958372154400955,-0.5466162057388129
-0.47684207318185956,0.3726319296483314,-0.6112322169685455
-0.8386643833265337,-0.016879525652682525,-0.5494619599470433
-1.441119643466121,-0.3828670535684308,-0.4633062189886689
-1.9575501128732382,-0.4956589822137876,-0.1817194447351567
-1.7410227329116768,-0.44382888465422266,-0.15124110661203502
-1.557476992956738,-0.2858923276761144,-0.23079628323096513
-1.8546931632981853,-0.21606772268630875,-0.07628488628207025
-2.2792036477924924,-0.550243056836212,0.10700436238628022
-3.1000225665032235,-1.133173230095554,0.21772008640739998
-3.9043021385578003,-1.5480745592687368,0.44781083051192305
-3.4152499988239815,-1.2448551495661235,0.6017304035097153
-2.353174633995345,-0.8348222196486719,0.5850163523320128
-1.8311224920420524,-0.5987312911705394,0.7010106154209401
-2.00971840584391,-0.5235156647714481,0.8703809784615151
-2.3549236899331585,-0.7600911497411237,0.8559845457902299
-2.5469160281088765,-1.265964593082781,0.8818673900020033
-1.979589662541196,-1.1699733924431082,0.6306552627719807
-1.413248499711464,-0.8507276745761545,0.5305566911468269
-1.0786303151244025,-0.6789119024313419,0.49654550245589935
-0.9488336131816008,-0.8792871907424112,0.22187582042597295
-0.9411237859050857,-1.2051446155947627,0.09654844078408564
-1.098270669706562,-1.3842842781031033,0.13835690514539062
-1.0132918282930439,-1.4093460462462921,-0.05619094207033233
-0.637804164852019,-1.262038678507066,-0.25995910814320566
-0.2494962590689275,-1.1205366119640678,-0.23896266791186027
0.038515943397452186,-1.2901799220706942,-0.16163677132160287
0.3693775898243197,-1.364474311879371,-0.46121705891978515
0.4931832673439054,-1.382855195282922,-0.6816446816665586
0.4294363728675072,-1.2598742320956227,-0.4614234524498483
0.8178942099697601,-1.3906845393451701,-0.3487862938125992
1.278705709891467,-1.4564402068756914,-0.5833669114126758
1.3442090724135984,-1.2528201715039147,-0.7298186498860206
1.158643003621186,-0.8893878193146794,-0.5003102192613583
1.0358260785665518,-0.5408810161136653,-0.28496583136142595
1.0653468424845085,-0.3031639192446243,-0.4019216249040784
0.949464405073557,0.1739338661529405,-0.45564861859672284
1.0080676512505322,0.813581441144147,-0.16157440172921034
1.1905395365510623,1.6838581451435053,-0.050523563575777225
1.444962564095464,2.5724465873965254,-0.16774534909937472
1.7228425316078833,3.310001385577297,-0.15819089843197937
1.669542511998974,3.511998257574061,-0.07896293781018987
1.1585951262663094,3.2320232069033854,-0.016421669191176182
0.7246397248765994,3.196359083618502,-0.05950673465713171
0.7129172610434817,3.667728720037694,-0.04697309152987057
1.2132066836433109,3.7339112124179166,0.2172382337332565
1.417606555197242,3.2454091565662786,0.22792303279372828
1.0294410804764018,2.6456621093673944,-0.028282573058583033
0.6066662408062165,2.5547954616710307,-0.13546230079279828
0.5161122963597536,2.789023293446115,0.13973891857010465
0.6563096095030823,2.9064752143167136,0.42164020547183007
0.9532393445165869,2.8200650815462196,0.3517561620572244
1.0511496511439515,2.5691962294829493,0.2752384405382585
0.8505436304036387,2.1055037212872794,0.23843224504754093
0.6494851007682015,1.9273989710741897,0.11893289804100647
0.7477781888703116,2.2154807930950717,0.07206109626102901
0.6684447279663869,2.398000021344003,0.12292412545202697
0.5507076066966518,1.7776910241450286,0.13779030476292597
0.666926449752804,1.1807877011573233,-0.03637493856401638
0.45459325961231084,0.6660946129395198,0.04424196768761975
0.21559202990560003,0.10583926047920711,0.09704108136926762
0.15169953633712724,-0.5444727683383492,0.02354779293370992
0.04170610386689699,-0.8980187171393026,0.011619209051845101
0.0423943107104546,-1.1156861016681177,0.12018997668636754
0.0642077165337362,-1.6485748202891743,0.2911605872583752
-0.11796134898166041,-2.606865616734094,0.40455146864769936
-0.5414973988496203,-3.1739576447374174,0.41613255715691105
-0.9370125625967519,-2.8175812280707078,0.151015488556599
-0.9909122934596347,-2.310020276072056,0.06963675990611856
-0.3096992032923192,-1.9968833917410929,0.09904111896898012
-0.08087455345285874,-2.6012181029938874,0.07269569186634972
-0.31069131600403993,-3.335936828651996,0.09045405259770312
-0.40758058292736754,-3.192859264871986,-0.10136917584679439
-0.23214994349432194,-2.2152453486315435,-0.1545666067598105
-0.04210444598722418,-1.2553762969339592,-0.06032748172874123
-0.0036471245793166956,-0.933191587722682,-0.07785228455267162
0.020213285962492732,-1.069400367113348,-0.0614846020291067
0.09796877809931971,-1.1468208928634114,0.005196484123140766
-0.0034417251465519074,-0.7776013221663004,-0.05988237412610883
-0.030412978648337804,-0.363095911798861,-0.11035078060739872
0.11932173813669242,0.04282433403809767,-0.050076745339754807
0.23495477915715696,0.3253370719637769,-0.06003204299676269
0.25591809777635127,0.3270074049087264,-0.15379358053149272
0.19664584302858007,0.16895459695751494,-0.2935959068595342
0.12443366165923282,0.13077322590033455,-0.5370955474754071
0.07741820979258411,0.2733988813528686,-0.8658032627073544
0.011567501938061059,0.6077810829905319,-1.2443804044094906
0.014354164391318907,0.5674793515830648,-1.804119358456139
-0.17338268447917476,0.4248409087757388,-1.909790376359884
-0.2793380048314291,0.37178447077604915,-1.6497408910034403
-0.22195946294524282,0.2055226471831418,-1.7943653633558005
-0.31918978379646123,-0.14778302015660727,-2.3208205982330448
-0.40433240001357484,-0.32742155657193284,-2.5327637040947124
-0.2407086222225647,0.0011367752625163,-2.355594737555264
0.061544263721154575,0.2946599915010983,-2.020553992337219
0.17020353976989405,0.14691526323227855,-1.9042627655477373
0.2398732775525437,-0.33568306982240753,-2.359015383358584
0.29917163151262405,-0.5564256808917216,-2.8451491408676084
0.4916982797624627,-0.4004776336971052,-2.93163806374193
0.6092271574199926,0.01550690095661307,-2.5863935180267363
0.5924820456404379,0.17198200527391203,-2.104926293317154
0.49317908290466994,-0.13472230411236846,-2.038133753309904
0.48280659157696065,-0.4629602228780341,-2.0118322412112555
0.19992303613661183,-0.27609775977824985,-1.5212172627026908
0.20452921488018014,-0.00744728631599223,-1.0396546478708508
0.19255587306027905,-0.025043514754648156,-0.4834642758019013
0.2323710401477275,-0.33343457740798044,0.15085996547592073
0.2166331404140968,-0.6085546627883651,0.8077593745334477
0.26945248306245323,-0.7701332275940678,1.421910937314841
0.1769658260247474,-0.6867237289477146,1.9382866708851663
0.22912794247586657,-0.7438657816236613,2.4987944201483576
0.26861293152212523,-0.8537512385765438,3.043307206352199
0.27272649864600174,-0.7490189145043,3.6261273258410407
0.14127330370103305,-0.24844849543275882,3.8293379426803567
0.22648783597690295,0.019314868749110557,3.9819392684379613
0.22389197533725358,0.22411486558506305,4.262637793012984
-0.009881782823734454,0.5198799157540874,4.0424112929052
0.17848603573531516,0.569672216978628,3.556177419006918
0.7259762224080615,0.42336065735201095,3.2055330186471083
0.7809620319130385,0.47649494458010516,2.831806689724573
0.49159959050003166,0.6798566608350509,2.166958255460718
0.39301519667967955,0.6144743129209894,1.7225819654227663
0.1131824869629953,0.40746620633008607,1.983387325101355
-0.14951252992811168,0.17921423593765656,2.146437043517913
-0.1400688891690948,0.07622755352242355,1.5168754855283644
-0.03824278462028293,0.08068054472382423,1.0099479306917207
0.28730571253222853,0.12205507114793676,0.6788142436044355
0.34247012142082345,0.0052369262633151815,0.5341621758055703
-0.0047593295426352974,0.02389782919186855,0.6581034548972582
-0.1427798557576148,0.11082389196854993,0.6314651159344531
0.04185913526271279,0.16276019789589224,0.49358995384341997
0.15006354878703562,0.10632471001128087,0.0640337208576783
0.013418396621917133,0.0833859369640905,-0.30343757062812327
-0.04145281963103492,0.021146730932486205,-0.8886483656382563
-0.10395893906084766,0.18549224840172931,-1.2930367006756842
-0.28068412103358514,0.46523862988390435,-1.7824709031670707
-0.12084723132407571,0.8292348465913255,-2.3090859324228927
0.12294382194942388,1.062038630554078,-2.635031425124274
0.3748050466748661,1.1286198697270817,-3.1244588792801586
0.5446544603972326,0.878989548658588,-3.777715582600018
0.8234172450843139,0.042791486101295004,-4.006869727495016
0.6888364925637988,-0.49060859133785445,-3.488537982528724
0.07342875400821482,-0.44759427910548844,-2.6409816061157585
-0.19980053008135581,-0.05397734839529482,-2.28589131428796
-0.12047437069614646,0.29905714158386293,-2.4153550750530854
0.03434987062355904,0.11410498293304014,-2.8047522013291015
0.31266806068330344,-0.42292235797162925,-3.1426802707786337
0.4702033881082543,-0.6011722456926956,-2.774544025742134
0.3870919944713195,-0.11138848681156018,-2.221798749894518
0.41714104440274397,0.15385228772521722,-2.393981512379164
0.4623549796363601,-0.31835988505090573,-2.9797505183846527
0.13715231365446484,-0.24174344047274426,-2.5031513245700285
0.24124772795094745,-0.22934638316948885,-1.9685110498338783
0.4432077071008399,-0.4581574317894478,-2.2971899672955427
0.34957278950855414,-0.6706834405390811,-2.239750112164115
0.2939163835092777,-0.127242709737705,-1.156480481455376
0.18063541109177106,0.2663571625857535,-0.34901692726234435
-0.031748307941586645,0.30278237802099306,0.5247219988205398
-0.1757751022464548,0.09928572791757986,1.0167144937289074
-0.4533782658705049,-0.22613531058709202,1.4224981242321004
-0.6433716015252233,-0.5807000947503267,1.8632937277506687
-0.5949803994682822,-0.5949874158639717,2.529156647038616
-0.5225911947694971,-0.6640702196543247,3.8592793234141936
-0.4357472022760614,-0.6518178748095986,5.75942808394912
-0.892203133381721,0.19581220337374985,6.11500846611879
-0.5852664171871361,0.21531043173404352,5.148871898613618
0.08313243441549324,0.14496332604906317,5.069986528494618
0.6058360800759417,0.3741277735770749,4.758734228904951
0.42733789183015813,0.7603881905368999,4.22175826980661
0.2748250678954587,0.5397133431892749,3.773043495013674
0.6101660284515952,0.5084212973201934,2.5632383301158717
0.6767498036325766,0.2712477019913217,1.7123704991481397
0.189212530817583,0.1669227758356224,1.580217371420324
-0.271987434596536,0.21730915191904257,1.6219065641852706
-0.342072020025185,0.0548040724236965,1.5286549752815848
-0.35982143277173173,-0.1731045782201176,1.3844061881655438
-0.17794735891135594,-0.236237775545687,1.0597310135601974
0.07457681568396056,-0.347021904196013,1.0815878054588266
0.019282608370548012,-0.4794271224095509,1.1400463518520219
-0.1952581832955695,-0.41154261533805864,1.103585602984443
-0.15145369025686928,-0.37422222078139983,1.0067528383846582
0.08397840968132053,-0.3442002149515596,0.9741361113640673
0.3372995632560598,-0.31527296743074207,0.9095406216199218
0.3074534400524333,-0.270227302558717,0.49369011133580676
0.11572626394993818,-0.23452355309891595,0.42859876294359595
0.06435242212128477,-0.1658466475227642,0.4767288601427589
-0.0012474536110078267,-0.09584213099528456,0.42967293773076337
0.11103229826085559,-0.06905882241860162,0.20732198263454676
0.14506148275572725,-0.004433754824511109,-0.16434755121254155
0.1166960076183049,0.06586757662219055,-0.5023302536473284
0.24993896006042865,0.11983312593269171,-0.599161780455636
0.19574897237119168,0.18944012025338616,-0.7493751019565569
0.07364205653487929,0.19173985385270984,-1.013432794795516
-0.15815736634192257,0.15861496108095527,-1.656403389947647
-0.5402900765214103,0.22149052340502948,-2.737043570006375
-0.6075604798301764,0.4796842772997111,-3.6029110966764306
-0.2196311690527785,0.6721937451942115,-3.590770498881546
-0.4237730512302068,0.7725328240843485,-3.6920727394968664
-0.6932062563210486,0.3796133178623135,-3.8330061712869963
-1.0502279528705827,0.43465380961193506,-3.7329310434403395
-1.0033716489180535,0.9512898098648932,-2.911929534934073
-0.45177965217341265,1.112007546623704,-2.671182528509081
0.012696387514435234,0.5119476817310218,-3.427491857626633
0.21986556718034952,-0.904191141837569,-4.503422672983426
0.19757009775489795,-1.1799333085300392,-3.741225275808625
-0.11785798536217182,-0.6260740078564029,-2.6734571564085563
-0.22487517852078917,-0.20377363155617045,-2.92759444086982
-0.19479363605149236,-0.5574448493320029,-4.625638814873698
-0.31511490976239864,-0.5797394510363181,-3.9006738332710276
0.15983878519045047,-0.05842108370388945,-1.9963167122162637
0.3486786195824293,0.3888496429406903,-1.8436379646881305
0.33991637946344844,-0.28672864423470945,-2.841114368006065
0.028327461975411576,-0.7878944398177945,-2.9002767668506393
0.20954595971805973,-0.39087300732598895,-1.602017685789791
0.23311037191333225,-0.033709479613464745,-0.20417330364421396
0.05029936673720309,0.08318639270059545,0.23255559842694518
-0.008782955617807078,0.07901059875095653,0.3794780892254239
0.11532951665902269,-0.06906404083606925,0.6529926542408596
0.319387463889436,-0.21158578877276812,1.4963917158563187
0.31652630316234487,-0.31709097830067134,3.3479558808235694
-0.2366077376472607,0.0687214770099806,5.6736836613952155
-0.7004104933283222,0.8068454889380148,6.284874107275001
-0.38010235095554923,0.9284191781255937,5.8003284514266165
0.2595461336117489,0.18951288546714531,5.74392923414692
0.14472379264508212,-0.10947790667010435,5.441477401182336
-0.06789113167064961,-0.12357044452863217,4.586501024442255
0.11822296826600147,-0.14377613753803464,4.053902562341812
0.5034533767863094,0.08838656880865793,3.550664384490161
0.9357384533082581,0.28422810450320923,3.304211031288023
0.9037900188177156,0.08655209010806947,3.2699568001572956
0.5226880571671695,0.12203121233904239,2.689499033373865
0.1661032688477719,0.08755109354631706,1.8027722633428005
0.0909053758031143,0.11313515668946789,1.4978910306972195
0.21893264679221514,0.17848492808505975,1.565232672866778
0.165769488118087,0.207283796741553,1.341949540127171
0.006728381356263188,0.04968190668094841,1.1610087997216503
-0.0903996245970348,-0.24624015240402303,1.084115204751608
-0.28498235817973133,-0.3819921135364165,0.9079456732974296
-0.20561889423339602,-0.30918207420356547,0.795584135008842
0.26400847732332383,-0.29735597768710664,0.8863761876327626
0.3489260329213305,-0.3191014192394481,0.8538608740832613
0.23411638933013726,-0.25542352984899314,0.5613237609939254
0.23498675512208156,-0.13460720060709153,0.23249714982320804
0.07771854271445044,-0.14090869786714771,0.030297343953833513
0.2477107027909751,-0.2585461119886765,0.13656055616963328
0.3039656077645134,-0.15588117210826083,0.14888167553587858
0.2554146346690808,0.027772423548598272,0.15163443405734656
0.0635955029324082,0.07703063769387511,-0.15189509931890477
-0.06739610649611438,0.0011970330947994271,-0.3964344649621988
0.05135751641887552,-0.05450294780508902,-0.3743169797341672
0.1261597686975874,-0.004964145482077717,-0.45331710305429845
-0.005545210872529918,0.1499149453609539,-0.480545162033348
-0.02168259534192284,0.13515400309309972,-0.7053494813138098
-0.0729510963050147,-0.021745133673907666,-1.2022205248698357
-0.3773470936717007,-0.21082008701416205,-1.6982904087067625
-0.6084475696655924,-0.15686358391086413,-1.8043615628608922
-0.7353808839508552,-0.11349107440065402,-1.7723289333078598
-0.9615721322792812,0.13363590602316747,-1.77114240134103
-1.044348712821228,0.5225907029173639,-1.5113469146015608
-0.8713241235136314,0.8884947320720897,-1.2362794406760065
-0.8851724222448631,1.2826018176444856,-0.8992181879814823
-0.6393918381250087,1.0178744397621877,-0.658694970605759
-0.6577047781154316,0.3132912299294366,-1.0197317686565819
-1.5704698793443472,-0.14609118260916173,-1.034085301236834
-2.2935593640408793,-0.08835585817558834,-0.8743166107647934
-2.369457524550238,0.11569601366017934,-0.493038013664177
-1.9403066183759639,0.2684235276672518,-0.17803789838770245
-1.3919780026056492,0.2596719831897219,-0.3994512942059873
-1.3495306973674732,0.0376391410844881,-0.7031358979215485
-1.4272905289191453,-0.2390006610781804,-0.7468794072458205
-1.5737385055150397,-0.4903616544378111,-0.42688372107671047
-1.6101791518689224,-0.5018326755623519,-0.1427862172367098
-1.3460772450957177,-0.22584400945596525,0.059940947465306524
-1.1933881320133415,-0.09670041973648422,0.10663265326816992
-1.1189230999087085,-0.18135680217964606,-0.08356434526519456
-1.0426228207027697,-0.2736592338008629,-0.28306152156958947
-0.9940895635441012,-0.3209744513556985,-0.11126239052879885
-0.9108239631816829,-0.2656549814482735,0.1370367707939864
-0.7246527247533364,-0.07915270950552017,0.3343941841184205
-0.48143447225466707,0.1975850508319633,0.29977186234337283
-0.2739841078554765,0.3548833137985749,0.21949749290502896
-0.2537216405939719,0.35405410659722525,0.1649405785123126
-0.16474616193428548,0.2725165700292179,0.08891274511356775
-0.09441063129386909,0.2575721676944233,0.12364269154684544
-0.042249133337373054,0.23452492316398735,0.2663499572245743
0.015327575265315446,0.18131535257520784,0.1565904076792146
0.12075527752455341,0.10187125828092887,-0.04802837299107174
0.2469294880802413,0.12342449694844014,-0.13661498954960927
0.20977100143866223,0.08956926747078905,0.001163650927314703
0.2783736589979809,0.11434247339466985,0.0426360311790701
0.4940061275844532,0.14790994462878043,-0.027128723571784478
0.7606399675539959,0.17103687764452036,-0.15971317001611998
1.1290014373502404,0.3101945100765561,-0.2953884358987594
1.6057948851232002,0.558120399690684,-0.4007712437350849
2.1024714920587915,0.6450617670420172,-0.38220422148234945
2.337990112841678,0.48351698315420233,-0.367659490129534
2.3497985499293,0.39144096933119266,-0.45412766084666584
2.0431044152553164,0.44818763534717204,-0.42548671809380206
1.7637159159891782,0.2721631494772113,-0.19775669439767468
1.6467266199271706,-0.10522168261737493,-0.14188701604650755
1.6219415005856206,-0.38707247094782304,-0.42659392404993
1.6824496664581006,-0.4022123707014553,-0.6502180835566764
1.5657877956411406,-0.2796498505831993,-0.3354943201181898
1.2506782021798433,-0.23684152591911947,0.2843201046618108
0.8035827106538735,-0.3299252450379357,0.5826343383313854
0.5185120483409671,-0.3321281248908529,0.36414560397125256
0.682902700179668,-0.34240905365063334,0.05456756515869602
1.1888035059500532,-0.5619575315486113,-0.08775574601549099
1.4935500527979957,-0.639214743443335,-0.13714655180408516
1.078825411010824,-0.3857582745839122,-0.046859386087008445
0.46572102927526854,-0.05827080696502586,0.21815988016621704
0.41536654037536885,-0.03809458655119019,0.3438488786746615
0.6348656117897064,-0.31730042584683843,0.02890829095092823
0.4126959186400684,-0.5211030221002643,-0.5239989518485532
0.2237808786242623,-0.5317724179745924,-0.5399953326451692
0.11583964836714881,-0.1869146212243054,0.003073352003631097
0.014616945874652268,0.18413453592373902,0.3414373897958021
0.09893850831920596,0.19456237866938741,0.2537896311353595
0.07902148049076707,-0.13676279180223413,-0.031639308239587674
0.2153408812623007,-0.40356331534045703,-0.14591630785179183
0.3325799873468654,-0.4318237158562854,-0.13320636744809397
0.382731115454672,-0.23072070598108507,-0.06436017076423307
0.2726570045217916,0.09976883018854185,0.21010721876544633
0.2823790157612633,0.25065640966547637,0.37611083227619907
0.2874556799133087,0.10232192006262632,0.16039027030552197
0.21132697713096651,-0.19221002895368194,-0.08454660887490341
0.17186536260114904,-0.25086327117062684,-0.13576059061646586
0.11890740836205582,-0.047082462618344714,0.04833052282690681
-0.0012055212236726578,0.18792213800054097,0.28309544102904954
0.09566054763792606,0.1272862227410703,0.3997233342471759
0.037823208644672646,-0.0120702133283381,0.25077284478816037
0.043621057660183274,-0.19308621786476557,-0.031187235575136377
0.14580488406400038,-0.2681819212213815,-0.16122653743315393
0.15208655185926132,-0.18084589952297686,-0.052280565164431095
0.0263861157141873,0.008649673955361058,0.22186965638725945
0.07989829961491941,0.07778058772101418,0.3733522448368152
0.130440886176994,0.004023297448463781,0.24681718137660627
0.055704528056969155,-0.20424105049621277,-0.00011991350827871006
0.04087571187284076,-0.29246991152937774,-0.10229100213125536
0.14810685404549248,0.3519331375338046,0.22612776885714098
0.08730132296624121,0.22696889384314659,0.3513761962940183
-0.04032087746122913,0.08519993344130938,0.2001004245016908
-0.027803535946758905,0.13539724808699585,0.17017233380059238
0.020208186723501064,0.17096915439631494,0.1892024762252379
0.010222723409947919,0.17540034972618165,0.07898317052253907
0.030435078709662913,0.2945663997912443,0.13753129583922097
0.035276113237682497,0.4336564499161798,0.172546642516127
0.03238390595076077,0.5920177311476572,0.08281692978189059
0.05456484027100165,0.7406054284136798,0.01598662649641638
-0.012666087670393103,0.2662733345279734,0.053905383679747
-0.044460901658350295,0.07662214967953476,-0.02453373008015177
-0.021187814644077742,0.11692335880863752,0.002597799366703519
-0.010460126659687544,0.08588032490022518,-0.0005691961485175111
-0.04955755120593145,0.1074569976933671,-0.031800326437860287
0.06217461526118345,0.08807873319905925,0.0042215817626407295
-0.03775774930126963,-0.01252379306045276,-0.010276125570969748
0.0060507860888881415,-0.01675908460100558,-0.008832419204886659
0.009003703931287148,0.035976468043250255,-0.0031883195507872047
-0.00502680825685165,-0.0076748642023877975,-0.0014371139861411198
0.0019145210802391853,-0.018745517121889335,0.0024439293146804536
0.0029557204808028105,0.02934636884939952,-0.000592276656320971
0.002207309774356188,-0.013192332164121238,0.0007614736810911456
-0.01418758292917177,-0.00238591560205721,5.9945615171796556e-05
0.010490901661233983,0.010090134280626379,-0.0009498742112472695
-0.010231272296546612,-0.0016073174849385618,-0.0011013471852101295
0.0029430327073472736,-0.002457344633242138,0.0006851131017577719
-0.0005083652412556368,0.010079419925948638,-0.0017606897047905397
-0.0028352561666084007,-0.0016089246381402228,0.001490802340351877
-0.0004705179558178215,0.0011607767599022733,-0.0007352457024702575
0.0016933740088630929,0.005194594435733309,-0.00016456229236241394
-0.000695814046028264,-0.0023416484616725223,-0.000983550397377401
0.0007549889788003657,0.00014627756984126326,-0.0011063986131296492
-0.000836571800537673,0.004137828940692992,0.0024935366206321743
0.0007338753156239543,0.0011181991801960905,0.0003197550561029509
-0.0008397388500141347,0.0015698453326527205,0.0018028690544859007
-0.0001711903583286815,0.0007330016389900497,-0.0015930263118813205
-0.004593861167231691,-0.0030108873811840113,-0.0002932293837740734
-0.0007343087059113149,0.0018550729649768711,0.0026155120050355106
-0.0028691476863067526,0.0016803764003698375,0.001242641980294618
-0.0022847829168349074,-0.00015500931738354783,0.001036711476583484
0.0023258248812416966,0.00047427344148460944,-0.0008033593320355164
0.00030364420135969324,-0.0003359247612163321,-0.00017477933679720277
-0.0018088641336849406,0.001351726741440857,0.0008240982790197109
-0.00031655915087930244,-0.0011088973827540602,-0.0008352513116700824
-0.00190189463652079,0.0012357808482101977,0.000725027482788779
-0.0003305137263046798,0.0006828919663236713,0.0018636599184887748
-0.0019039878228345965,-0.0003046319824904728,0.0011298641673126077
-0.0030445995538452447,0.0013564206582497359,0.00011520418810501587
0.0013072617691589792,-0.0002036026787015631,0.0008675958077550437
-0.003467502731577375,0.0013715750538180725,0.000980454550702548
-0.0005653549405631676,-0.00020132951936631258,-0.0008117978709176568
0.0016791484611512909,0.00046732541118719474,-0.00017604511762952385
-0.0006979478781850342,0.0005676236507702209,0.0017284990284260294
0.0016592595205080108,0.0005826683867076747,0.0011095900338031958
-0.00341470306887502,0.0014895157136294581,0.00011216306807860409
0.001251746241904513,-0.00018363842039460475,-3.745097678008469e-05
-0.004380420677196711,0.004088341542157612,0.0017492881495534453
-0.005225245715061895,0.0020153666869469487,0.001112708401972308
-0.004447378854210506,-0.00010476077439698113,0.00011263082330397093
-0.0034261082085516315,-0.004945732976254396,-0.00184656204655861
0.004868397937077681,0.0006602555091851473,0.0014779214890866664
0.0024942113927974184,-0.0021172086841235818,0.00016741278637112469
0.0030426740276865458,0.00017994353647360432,-0.0009337541355673703
